   qid    | sid  | stid | category 
----------+------+------+----------
 xDQLnwwC | 7178 |   23 | ANG
 sCctdFHQ | 7042 |   23 | other
 tWkatKgj | 7526 |   23 | HOP
 wv8E2DjU | 7624 |   23 | COM
 o2KJaZcU | 7372 |   23 | other
 wDcsWoNT | 7251 |   23 | ANG
 8td4ahBo | 7210 |   23 | other
 drZhcHPu | 7479 |   23 | NEU
 PoMqzWJC | 7094 |   23 | other
 ZhnEGjQV | 7016 |   23 | NEU
 H4GetnC5 | 7542 |   23 | other
 itSoQwtD | 6954 |   23 | HOP
 kHrUhmfW | 7220 |   23 | COM
 fywZcHPL | 7205 |   23 | other
 yFeZrNQn | 7109 |   23 | NEU
 QenW2vMJ | 6902 |   23 | other
 pqNQUKdg | 7088 |   23 | ANG
 sqbyyFhY | 6959 |   23 | other
 fg4wYCQa | 7184 |   23 | other
 dkDAefWR | 7078 |   23 | other
 vCy2Ns6X | 7651 |   23 | other
 byCfCiuQ | 7407 |   23 | NEU
 sz9RXfn3 | 7414 |   23 | NEU
 YxANJGbr | 7396 |   23 | NEU
 VZ77rS9u | 7591 |   23 | COM
 agU9ffPz | 7119 |   23 | COM
 hzE4axa7 | 7351 |   23 | other
 3aW7SFit | 7600 |   23 | NEU
 PDC5ahRn | 7393 |   23 | other
 KtNyCX5J | 7326 |   23 | other
 8g2raXFx | 7576 |   23 | NEU
 ZiyLNm4j | 7098 |   23 | HOP
 Dz5cBuJ3 | 7065 |   23 | other
 Q7oN6QEh | 6952 |   23 | other
 mmQUAzRe | 7625 |   23 | other
 MDiprAeT | 7333 |   23 | NEU
 mQzS7fV7 | 6960 |   23 | other
 eMpP8EWP | 7510 |   23 | HOP
 UtE7Za5Z | 7563 |   23 | NEU
 Y8swe8Ya | 7586 |   23 | ANG
 WyTrKBAb | 7560 |   23 | HOP
 dqt83VWU | 7076 |   23 | other
 8aBKczMP | 7079 |   23 | other
 5ZT8UNyS | 7726 |   23 | other
 x9JB2aSu | 7604 |   23 | other
 8EwQnBho | 7469 |   23 | other
 fTxjJNUy | 7421 |   23 | HOP
 igsi6vyW | 7494 |   23 | ANG
 t7rLLEKZ | 7291 |   23 | NEU
 oF4UqqZX | 7153 |   23 | HOP
 4ZVzPoA4 | 7117 |   23 | other
 bYiVwoSK | 7398 |   23 | other
 r8JXyfCh | 7123 |   23 | other
 YN7LUkrD | 7003 |   23 | HOP
 ewX9iymt | 7813 |   23 | other
 fTxjJNUy | 7421 |   23 | other
 nRFqM6DD | 7191 |   23 | other
 ziUYat4q | 7702 |   23 | other
 opTqnVYP | 6961 |   23 | HOP
 GukjUV88 | 7380 |   23 | COM
 UtE7Za5Z | 7563 |   23 | other
 kpQ64zcy | 7264 |   23 | ANG
 YN7LUkrD | 7003 |   23 | other
 dfvrAubd | 6909 |   23 | HOP
 msHXnGEW | 7602 |   23 | other
 FeXE5BSi | 7102 |   23 | HOP
 k9Cnfthu | 7193 |   23 | ANG
 wf7SSFiw | 6912 |   23 | other
 FAe7f58F | 6992 |   23 | NEU
 t7rLLEKZ | 7291 |   23 | other
 qgBQCq2B | 7787 |   23 | HOP
 B7FCA7Hi | 7454 |   23 | other
 yxXw7RJ2 | 6984 |   23 | other
 7F4N2svK | 6998 |   23 | COM
 N4TCAMcN | 7445 |   23 | HOP
 GT7h9GZf | 7124 |   23 | other
 8LajyjVb | 7305 |   23 | other
 g27aSAhT | 7434 |   23 | other
 RdBNuQFY | 7450 |   23 | NEU
 hgfAGed8 | 7402 |   23 | other
 UMQuzgFj | 7295 |   23 | other
 HKpfuoU9 | 7135 |   23 | ANG
 7iJ3KEpd | 7441 |   23 | other
 tBqyJqMq | 7133 |   23 | other
 r9GZt2NL | 7514 |   23 | other
 YG4HKBZj | 7336 |   23 | NEU
 BeDCvF3K | 7001 |   23 | other
 oj92wZUp | 7147 |   23 | other
 oqVfUrSS | 7744 |   23 | other
 rJPk9QH6 | 7788 |   23 | other
 8zLWysKJ | 7255 |   23 | other
 z7MpCZxY | 7390 |   23 | other
 dsf8uVif | 7196 |   23 | other
 3HSmHmz2 | 7141 |   23 | other
 nUc8CTP7 | 7046 |   23 | other
 7zcvRLd8 | 7679 |   23 | other
 Ys4YPx8D | 7261 |   23 | NEU
 Ev9JNoJD | 7772 |   23 | other
 JYiTYg9X | 7640 |   23 | NEU
 sCctdFHQ | 7042 |   23 | HOP
 P4i3GBa8 | 7206 |   23 | other
 3cuGBh6Z | 7005 |   23 | ANG
 9kgzLqYF | 7519 |   23 | COM
 4ANEa7xK | 7204 |   23 | COM
 Koh3Nfqq | 7018 |   23 | other
 NiGmhSAB | 7470 |   23 | NEU
 yvbTf7FH | 7278 |   23 | other
 QbFCaraH | 7044 |   23 | other
 MVyKPHXy | 7440 |   23 | HOP
 t8fhJRdt | 7233 |   23 | other
 MNL5Qakh | 7110 |   23 | other
 fNEi56Qv | 7513 |   23 | ANG
 BeDCvF3K | 7001 |   23 | ANG
 KWBVWXUU | 7131 |   23 | other
 UVwJSNg9 | 7241 |   23 | other
 2uKXditr | 7027 |   23 | HOP
 JFtAajDn | 7183 |   23 | ANG
 miYJ4oHh | 7554 |   23 | other
 gQWBigj9 | 7258 |   23 | ANG
 fRPah822 | 7379 |   23 | other
 XxgTpaGw | 7363 |   23 | other
 FqiGfK8C | 7607 |   23 | HOP
 mgfLkCUY | 7197 |   23 | NEU
 EGt3Ha9R | 7026 |   23 | COM
 hhRttGu2 | 6905 |   23 | HOP
 AFXYtrNA | 7061 |   23 | NEU
 C8XbL4zy | 7623 |   23 | ANG
 Bbik7at3 | 6908 |   23 | other
 C8XbL4zy | 7623 |   23 | other
 2gfUNNUi | 7239 |   23 | NEU
 pJ2coAKu | 6950 |   23 | other
 MVyKPHXy | 7440 |   23 | other
 dWtNL9iL | 7678 |   23 | ANG
 3cuGBh6Z | 7005 |   23 | other
 hgfAGed8 | 7402 |   23 | COM
 W46Wq2n4 | 6955 |   23 | other
 LY8CBf3U | 7492 |   23 | other
 UVwJSNg9 | 7241 |   23 | COM
 d8nBK7F5 | 7225 |   23 | other
 484Sb4r2 | 7149 |   23 | ANG
 HJK8TXN9 | 7303 |   23 | other
 MnisYZRN | 7348 |   23 | NEU
 JFtAajDn | 7183 |   23 | other
 oF4UqqZX | 7153 |   23 | other
 4mnkpy3p | 6937 |   23 | other
 yvbTf7FH | 7278 |   23 | HOP
 Fuh7mMJe | 7159 |   23 | other
 bqyfvVo4 | 7085 |   23 | HOP
 TzqWGuLT | 7547 |   23 | other
 q8CHMA4W | 7499 |   23 | other
 drZhcHPu | 7479 |   23 | other
 rB6ZUMHg | 7101 |   23 | other
 UiRkeGrz | 7386 |   23 | other
 RjHvjNcT | 7533 |   23 | other
 cAapZQYS | 7404 |   23 | other
 Cq9ohqXE | 7090 |   23 | HOP
 8aBKczMP | 7079 |   23 | ANG
 pknm8Vqt | 7381 |   23 | other
 it5TGNQK | 6966 |   23 | other
 wU8JaC3o | 7177 |   23 | other
 5ZT8UNyS | 7726 |   23 | HOP
 6GTNhR2R | 6996 |   23 | NEU
 Ha9RxWPt | 6940 |   23 | other
 6GsjdD6b | 6935 |   23 | HOP
 ueydfoMD | 7015 |   23 | HOP
 GNZSDtnw | 7332 |   23 | other
 Wf6FAQ7m | 7548 |   23 | NEU
 gpuWK3J4 | 7354 |   23 | other
 JqrCf8vm | 7347 |   23 | other
 jCUjxTNg | 7496 |   23 | COM
 6urjtEpe | 7247 |   23 | COM
 25ehvHrF | 6939 |   23 | other
 cDz3wDh7 | 7606 |   23 | ANG
 JBLv9MHt | 7140 |   23 | COM
 xHcQs7Yu | 7111 |   23 | other
 2Wb8XFQu | 7092 |   23 | other
 QaPusBWT | 6972 |   23 | ANG
 gRpThkP2 | 7011 |   23 | other
 J8AH2AUM | 7122 |   23 | ANG
 Ty7KSUce | 6994 |   23 | other
 DeNUfFLc | 7304 |   23 | HOP
 dfvrAubd | 6909 |   23 | other
 muHADZ6z | 7006 |   23 | other
 2EbKhBG3 | 7034 |   23 | NEU
 kWaXx7ac | 7056 |   23 | other
 CY77MTDZ | 7035 |   23 | ANG
 SNUe6Unm | 7433 |   23 | other
 2rXHVFpo | 7366 |   23 | other
 Sy2oRHsR | 7344 |   23 | HOP
 8vEs259K | 7181 |   23 | HOP
 AKEPwJy8 | 7166 |   23 | ANG
 527RZVap | 7327 |   23 | other
 W46Wq2n4 | 6955 |   23 | NEU
 gppHRV6T | 7819 |   23 | other
 piAjSgZx | 7636 |   23 | COM
 q4Kv2fre | 6980 |   23 | other
 M6iyortF | 6911 |   23 | other
 6GTNhR2R | 6996 |   23 | other
 CYoYsXJm | 6995 |   23 | HOP
 taCSZdRC | 7203 |   23 | other
 Lu3DMaD4 | 7573 |   23 | other
 nEeVwLJX | 7020 |   23 | other
 PJbSEcJw | 7654 |   23 | other
 NA3bzWAv | 7639 |   23 | HOP
 2VHTARY2 | 7234 |   23 | ANG
 QbFCaraH | 7044 |   23 | ANG
 iMteopTZ | 7144 |   23 | other
 o2KJaZcU | 7372 |   23 | ANG
 WZo4QLRH | 7452 |   23 | NEU
 PKVvN87W | 7185 |   23 | other
 zRK7An4d | 7701 |   23 | other
 t8fhJRdt | 7233 |   23 | HOP
 ACvzNYt8 | 7173 |   23 | other
 n6rPwgKT | 7507 |   23 | COM
 iMMobyei | 7355 |   23 | HOP
 KThwka6a | 7138 |   23 | NEU
 VJXQERZs | 7798 |   23 | COM
 TLMtJrMZ | 7137 |   23 | HOP
 wEMQxbwD | 7687 |   23 | ANG
 4MJTYi97 | 7503 |   23 | other
 69Ge6k3j | 7289 |   23 | other
 api7rNv6 | 7299 |   23 | COM
 GaJbRziz | 6925 |   23 | COM
 z5vQTZK9 | 7192 |   23 | NEU
 YLbiPYBA | 7674 |   23 | other
 2Wb8XFQu | 7092 |   23 | ANG
 LY2qFzF7 | 7010 |   23 | COM
 So6RhsTE | 7521 |   23 | ANG
 icPeVnh7 | 7176 |   23 | other
 chtv2eWW | 7045 |   23 | other
 Us529hnK | 7224 |   23 | other
 3Mmy4rem | 7269 |   23 | other
 CFL34Au5 | 7282 |   23 | other
 LsHquc6L | 7357 |   23 | other
 BZh79jZF | 7311 |   23 | other
 A2Wxnn22 | 7013 |   23 | ANG
 38zvbgXZ | 7616 |   23 | COM
 uTgvye9U | 7425 |   23 | other
 wQH95CJs | 7443 |   23 | HOP
 Fuh7mMJe | 7159 |   23 | COM
 ZiyLNm4j | 7098 |   23 | other
 UzdpMEi9 | 7221 |   23 | other
 U8aktcyv | 7315 |   23 | other
 mgfLkCUY | 7197 |   23 | other
 iQ5aKcmb | 7223 |   23 | other
 ZifMc4JW | 6930 |   23 | ANG
 TyPcuSsZ | 7741 |   23 | ANG
 XUPMtKk8 | 7660 |   23 | NEU
 xzK4RTow | 7328 |   23 | ANG
 MqY6Jzry | 7171 |   23 | other
 98ac3CX6 | 7439 |   23 | COM
 jawpZM7R | 7621 |   23 | NEU
 vrhqFGT7 | 7316 |   23 | NEU
 mvPFvRzE | 6922 |   23 | other
 AFXYtrNA | 7061 |   23 | other
 5LyU9tks | 7781 |   23 | other
 poPvXviP | 7703 |   23 | COM
 anVcPMce | 7688 |   23 | other
 dV3ixRD6 | 7139 |   23 | other
 oGRcnDUX | 7031 |   23 | other
 mUgnxwFq | 7824 |   23 | NEU
 b6GW2HDC | 6931 |   23 | COM
 r9GZt2NL | 7514 |   23 | HOP
 BYdSqNC4 | 7323 |   23 | HOP
 mQzS7fV7 | 6960 |   23 | COM
 qb98eUu9 | 7413 |   23 | HOP
 pLh4trLw | 7550 |   23 | ANG
 55F5Ti2o | 7214 |   23 | other
 hGVCU6sC | 7170 |   23 | NEU
 PxEWZu4F | 6974 |   23 | COM
 xjsgN9se | 6899 |   23 | COM
 baNSPQ6x | 7715 |   23 | HOP
 Qi9rP8Fo | 7384 |   23 | other
 LsHquc6L | 7357 |   23 | NEU
 CY77MTDZ | 7035 |   23 | other
 RSztVSZH | 7008 |   23 | HOP
 ZuTxPxJS | 7274 |   23 | other
 8CV5Ehqq | 7515 |   23 | other
 CqYd6iod | 7158 |   23 | other
 Cd5KyHQ2 | 7143 |   23 | HOP
 cjPjym9b | 7486 |   23 | HOP
 pknm8Vqt | 7381 |   23 | ANG
 qp9pc9Q7 | 7426 |   23 | other
 bbkSYXHa | 7403 |   23 | other
 G65FM8Eo | 7306 |   23 | other
 Q745Fs7p | 7250 |   23 | NEU
 jycTToAp | 7148 |   23 | other
 2Wrv69hL | 6991 |   23 | other
 7TAMXjTP | 7082 |   23 | other
 7iJ3KEpd | 7441 |   23 | COM
 ZuTxPxJS | 7274 |   23 | ANG
 yNqTeBCi | 7217 |   23 | other
 gQtRZTyf | 7595 |   23 | NEU
 oqC5RGYu | 7367 |   23 | other
 e4VRKpD2 | 7599 |   23 | other
 ZeMQcHSj | 7472 |   23 | COM
 897wnt35 | 6896 |   23 | NEU
 LUoQ9mjm | 7764 |   23 | other
 rjKgXhrJ | 7474 |   23 | HOP
 WTkTDK5Y | 6907 |   23 | other
 oCieTpbz | 7531 |   23 | other
 JphiQiwY | 6898 |   23 | other
 oqVfUrSS | 7744 |   23 | COM
 huUoetpE | 7151 |   23 | other
 PEStyDeo | 7069 |   23 | other
 7it4C3XE | 7429 |   23 | COM
 XUPMtKk8 | 7660 |   23 | other
 KWBVWXUU | 7131 |   23 | ANG
 zsM4Xbws | 7594 |   23 | other
 qikZa2QK | 6906 |   23 | other
 mJi5KMfj | 7288 |   23 | other
 zgGcV7ns | 7420 |   23 | other
 3neD6HnQ | 7179 |   23 | COM
 xDQLnwwC | 7178 |   23 | other
 DqbDapyE | 7791 |   23 | NEU
 DpSKEzYc | 7212 |   23 | other
 PQ3KWTaG | 7025 |   23 | ANG
 mfDuytTX | 7009 |   23 | other
 VFEg8YAz | 7405 |   23 | other
 UiRkeGrz | 7386 |   23 | COM
 ra6KE7FB | 7418 |   23 | other
 7QJFrf3w | 7103 |   23 | COM
 bYiVwoSK | 7398 |   23 | NEU
 vVLWRvS5 | 7322 |   23 | other
 Q745Fs7p | 7250 |   23 | other
 8rvx5iti | 7341 |   23 | HOP
 nHYgYqzY | 7287 |   23 | other
 ErdqdLSC | 7167 |   23 | other
 7oZhwRc3 | 7120 |   23 | HOP
 W2z6Q6Wz | 7535 |   23 | NEU
 ZN9Z6yFo | 7057 |   23 | COM
 CZALgWZY | 7523 |   23 | other
 wfLnuBKC | 6901 |   23 | other
 ikqvQCbQ | 6910 |   23 | NEU
 kw3c2eTS | 7516 |   23 | other
 BoCkciZv | 7610 |   23 | ANG
 S4Bxtcp5 | 7552 |   23 | COM
 LY2qFzF7 | 7010 |   23 | other
 dWtNL9iL | 7678 |   23 | other
 rooAFEvU | 7136 |   23 | other
 aPi9Zvbo | 7695 |   23 | HOP
 Ft5FikwC | 6929 |   23 | NEU
 scriFANt | 7337 |   23 | other
 pEuTf8Zg | 7609 |   23 | other
 F9NEojgZ | 7030 |   23 | COM
 w6XbWTe7 | 7475 |   23 | NEU
 hGVCU6sC | 7170 |   23 | other
 raWfZH8X | 7095 |   23 | NEU
 EGt3Ha9R | 7026 |   23 | other
 SVaqbdax | 7517 |   23 | ANG
 WZo4QLRH | 7452 |   23 | other
 a9kvWcq7 | 7361 |   23 | NEU
 sBnYFF34 | 7671 |   23 | other
 ubZVpgWG | 7362 |   23 | COM
 cHRnrdBJ | 7509 |   23 | COM
 6DWm5GJu | 6982 |   23 | other
 Pf6yLP9x | 7036 |   23 | COM
 zJ8VvtrP | 6893 |   23 | COM
 EpwvzJsH | 7435 |   23 | other
 RGpeiTio | 7583 |   23 | HOP
 ziUYat4q | 7702 |   23 | COM
 eajt9oYJ | 7072 |   23 | COM
 nHLrEqpw | 7302 |   23 | other
 pLh4trLw | 7550 |   23 | other
 r45Wuj8z | 7376 |   23 | HOP
 khpiMtnX | 7126 |   23 | NEU
 b6GW2HDC | 6931 |   23 | other
 xnUEWtEV | 7240 |   23 | other
 RNQqauy5 | 6967 |   23 | other
 RtsaF6hs | 7582 |   23 | COM
 rTQL4z2N | 7537 |   23 | ANG
 oCieTpbz | 7531 |   23 | NEU
 sG3MMqDY | 7281 |   23 | other
 R95oWTsA | 6985 |   23 | ANG
 MC9Lrge7 | 7768 |   23 | other
 e4VRKpD2 | 7599 |   23 | NEU
 huKjmCLE | 7286 |   23 | HOP
 GXxbnj2k | 7467 |   23 | other
 ikqvQCbQ | 6910 |   23 | other
 orsSht5M | 6977 |   23 | ANG
 yoRw7gte | 6951 |   23 | other
 CYoYsXJm | 6995 |   23 | other
 huUoetpE | 7151 |   23 | COM
 GfvKmDjg | 6932 |   23 | COM
 GoX4Q3Jq | 7113 |   23 | ANG
 iKwPgVgi | 6919 |   23 | COM
 fYURnLvG | 7014 |   23 | other
 De7r8Y9w | 7055 |   23 | other
 NcHjwhKt | 7448 |   23 | NEU
 8rvx5iti | 7341 |   23 | other
 M3DrqrnK | 7266 |   23 | HOP
 zRrRWLiY | 7265 |   23 | COM
 zgGcV7ns | 7420 |   23 | COM
 wCCJ8fKr | 6964 |   23 | ANG
 KHAomz9u | 7308 |   23 | other
 VHrqivMp | 7617 |   23 | HOP
 iqTzq9PH | 7463 |   23 | ANG
 FpBu9Mkz | 7190 |   23 | other
 fDVhiMBo | 6986 |   23 | HOP
 g5UC8jfM | 7187 |   23 | other
 KdttqXtg | 7608 |   23 | other
 agTAcqko | 7168 |   23 | other
 PoMqzWJC | 7094 |   23 | HOP
 6n6cKm9d | 6924 |   23 | other
 MC9Lrge7 | 7768 |   23 | COM
 iyMCzCzB | 7613 |   23 | other
 qikZa2QK | 6906 |   23 | ANG
 3SqoECnK | 6927 |   23 | HOP
 3nhHmmnH | 7134 |   23 | other
 DTFHAiv4 | 7017 |   23 | ANG
 hHRMGsZg | 6965 |   23 | other
 AknyW6vT | 7816 |   23 | COM
 FAe7f58F | 6992 |   23 | other
 FocX58xu | 6983 |   23 | other
 GUutQBdm | 7497 |   23 | HOP
 VFEg8YAz | 7405 |   23 | NEU
 9KzdkQiu | 7238 |   23 | other
 opTqnVYP | 6961 |   23 | other
 ZyjBincj | 7074 |   23 | other
 yNqTeBCi | 7217 |   23 | COM
 LUoQ9mjm | 7764 |   23 | NEU
 ECReoKXM | 7400 |   23 | other
 GT7h9GZf | 7124 |   23 | HOP
 jCUjxTNg | 7496 |   23 | other
 eajt9oYJ | 7072 |   23 | other
 qeD7k2fn | 7374 |   23 | COM
 ecpfxJEQ | 7093 |   23 | other
 P8bvoL89 | 6990 |   23 | other
 zJ8VvtrP | 6893 |   23 | other
 4kBpMTUi | 7043 |   23 | other
 wEMQxbwD | 7687 |   23 | other
 DqbDapyE | 7791 |   23 | other
 P8bvoL89 | 6990 |   23 | COM
 hHRMGsZg | 6965 |   23 | ANG
 yoRw7gte | 6951 |   23 | ANG
 ZoYSp3Ha | 7371 |   23 | NEU
 P3c2rAqt | 7370 |   23 | NEU
 2VHTARY2 | 7234 |   23 | other
 2adEBKW2 | 7091 |   23 | other
 yRVjV7D2 | 7540 |   23 | other
 9qbeHf2g | 7060 |   23 | NEU
 X9qR5N3s | 7334 |   23 | HOP
 erAirnEF | 7417 |   23 | other
 qYjyT32P | 7545 |   23 | COM
 xKLpzKrx | 7285 |   23 | NEU
 Y8cC4oQz | 7142 |   23 | other
 bsoCsKBX | 7271 |   23 | COM
 PKVvN87W | 7185 |   23 | COM
 r8JXyfCh | 7123 |   23 | COM
 AADF5Ngu | 6981 |   23 | NEU
 gKEnvANP | 7534 |   23 | HOP
 zUVqud6G | 7539 |   23 | COM
 YxANJGbr | 7396 |   23 | other
 iExF8WCr | 7028 |   23 | NEU
 sqbyyFhY | 6959 |   23 | COM
 Y8swe8Ya | 7586 |   23 | other
 H4GetnC5 | 7542 |   23 | ANG
 98ac3CX6 | 7439 |   23 | other
 ErdqdLSC | 7167 |   23 | NEU
 xSGa72Bg | 7541 |   23 | other
 abgpFEVv | 7549 |   23 | HOP
 ubZVpgWG | 7362 |   23 | other
 bTncxU7N | 7129 |   23 | other
 yd8tFJGA | 7201 |   23 | other
 qgBQCq2B | 7787 |   23 | other
 G65FM8Eo | 7306 |   23 | COM
 9uB5LksW | 7259 |   23 | other
 xzK4RTow | 7328 |   23 | other
 PYP6rQKY | 7052 |   23 | ANG
 8EwQnBho | 7469 |   23 | COM
 8XrxH8i4 | 7174 |   23 | COM
 r3JjfGgR | 7039 |   23 | other
 G5YreLGP | 6934 |   23 | ANG
 mJi5KMfj | 7288 |   23 | HOP
 iQ5aKcmb | 7223 |   23 | NEU
 5un4ty5c | 7292 |   23 | COM
 KyqiNehN | 6957 |   23 | other
 HRFxhseg | 7471 |   23 | COM
 yakq6nqx | 7272 |   23 | ANG
 4ANEa7xK | 7204 |   23 | other
 poPvXviP | 7703 |   23 | other
 xdfrYn63 | 7598 |   23 | HOP
 nRFqM6DD | 7191 |   23 | HOP
 KJUUqhjp | 7700 |   23 | other
 oGpWsYjK | 6914 |   23 | ANG
 TLMtJrMZ | 7137 |   23 | other
 jovy6fRJ | 7000 |   23 | NEU
 d84mwqxq | 7097 |   23 | COM
 3dUVdG9d | 7186 |   23 | other
 8vEs259K | 7181 |   23 | other
 uw3YL8EB | 6999 |   23 | HOP
 itSoQwtD | 6954 |   23 | other
 uiWXAi4H | 7064 |   23 | other
 BuWndEw8 | 7024 |   23 | NEU
 VZ77rS9u | 7591 |   23 | other
 7zcvRLd8 | 7679 |   23 | COM
 j6TpcAqe | 7324 |   23 | other
 YM73ykhH | 7584 |   23 | other
 k9Cnfthu | 7193 |   23 | other
 huffJDgC | 7121 |   23 | NEU
 MiyGW3V6 | 7782 |   23 | ANG
 Mb295gEn | 7412 |   23 | other
 URAJRaNZ | 7198 |   23 | ANG
 AzikHNaH | 7165 |   23 | other
 3HSmHmz2 | 7141 |   23 | COM
 Gm7q2hrz | 7480 |   23 | ANG
 nHYgYqzY | 7287 |   23 | HOP
 WZkdrmzb | 7172 |   23 | COM
 WAxPkk8E | 7145 |   23 | other
 kBfPZQh3 | 6987 |   23 | COM
 QWfraXC3 | 7765 |   23 | ANG
 NcHjwhKt | 7448 |   23 | other
 hsYB7PsE | 7442 |   23 | other
 69Ge6k3j | 7289 |   23 | HOP
 yRVjV7D2 | 7540 |   23 | NEU
 hZqSoiHC | 7253 |   23 | other
 9KzdkQiu | 7238 |   23 | HOP
 Vgm7NaN6 | 7195 |   23 | other
 NA3bzWAv | 7639 |   23 | other
 wAtsr98q | 6988 |   23 | NEU
 8CV5Ehqq | 7515 |   23 | NEU
 4rbnQhxH | 7051 |   23 | NEU
 HNXsQcMN | 7100 |   23 | other
 d84mwqxq | 7097 |   23 | other
 Ft5FikwC | 6929 |   23 | other
 Ev9JNoJD | 7772 |   23 | HOP
 kBfPZQh3 | 6987 |   23 | other
 y4RPv6id | 7447 |   23 | other
 KyCyb545 | 7345 |   23 | ANG
 ik9x6VHE | 6900 |   23 | other
 hzE4axa7 | 7351 |   23 | COM
 PKsJDt8v | 7587 |   23 | NEU
 F9NEojgZ | 7030 |   23 | other
 67zUmyPx | 7019 |   23 | COM
 fNEi56Qv | 7513 |   23 | other
 P4i3GBa8 | 7206 |   23 | ANG
 HRFxhseg | 7471 |   23 | other
 vYWFmepc | 7319 |   23 | COM
 K7jgMHUT | 7579 |   23 | other
 wQREC73n | 7666 |   23 | other
 MDiprAeT | 7333 |   23 | other
 ub34o52h | 7730 |   23 | COM
 gQtRZTyf | 7595 |   23 | other
 t7XPwv2V | 7352 |   23 | other
 SBEAk6pu | 7012 |   23 | NEU
 gpuWK3J4 | 7354 |   23 | NEU
 eoAnMYJA | 7320 |   23 | other
 3om5P3h7 | 6989 |   23 | ANG
 aptiYW8s | 7245 |   23 | ANG
 xKLpzKrx | 7285 |   23 | other
 ru8XJvU4 | 7427 |   23 | COM
 HgEdwvUM | 7331 |   23 | COM
 EvZrb4je | 7156 |   23 | NEU
 2ndSLXKG | 7502 |   23 | ANG
 95QdXoHH | 6956 |   23 | other
 ejszLqMP | 7023 |   23 | other
 idkgHfm6 | 7399 |   23 | other
 bbkSYXHa | 7403 |   23 | HOP
 qeD7k2fn | 7374 |   23 | other
 w6XbWTe7 | 7475 |   23 | other
 Koh3Nfqq | 7018 |   23 | COM
 QWfraXC3 | 7765 |   23 | other
 gQWBigj9 | 7258 |   23 | other
 khC7z8vu | 7312 |   23 | other
 PYP6rQKY | 7052 |   23 | other
 URAJRaNZ | 7198 |   23 | other
 mfDuytTX | 7009 |   23 | ANG
 xfC3VhGZ | 7373 |   23 | ANG
 E5ki7vQe | 7740 |   23 | NEU
 oGRcnDUX | 7031 |   23 | HOP
 LoSRiGk7 | 7189 |   23 | other
 6GsjdD6b | 6935 |   23 | other
 xBKM46sF | 7368 |   23 | HOP
 bsoCsKBX | 7271 |   23 | other
 Dfzp5U7j | 7040 |   23 | ANG
 pM8PPU4p | 6963 |   23 | other
 L82PLSDD | 7041 |   23 | COM
 n6rPwgKT | 7507 |   23 | other
 KtNyCX5J | 7326 |   23 | COM
 kpQ64zcy | 7264 |   23 | other
 dd43U8oh | 7410 |   23 | other
 up3jtgPj | 7105 |   23 | NEU
 qUeV5DPC | 7451 |   23 | COM
 GNZSDtnw | 7332 |   23 | COM
 xjsgN9se | 6899 |   23 | other
 eMpP8EWP | 7510 |   23 | other
 zNzuNXEt | 7116 |   23 | HOP
 7QJFrf3w | 7103 |   23 | other
 GWnkaPff | 7795 |   23 | other
 BecHaDGK | 7409 |   23 | ANG
 vtsXoGHw | 7335 |   23 | ANG
 J8AH2AUM | 7122 |   23 | other
 ECReoKXM | 7400 |   23 | COM
 ZoYSp3Ha | 7371 |   23 | other
 QSZfCKPY | 7321 |   23 | ANG
 tBqyJqMq | 7133 |   23 | HOP
 v9hTQrj7 | 7047 |   23 | NEU
 pMkAszx7 | 7169 |   23 | HOP
 3SqoECnK | 6927 |   23 | other
 W2z6Q6Wz | 7535 |   23 | other
 BZh79jZF | 7311 |   23 | ANG
 wfLnuBKC | 6901 |   23 | HOP
 rooAFEvU | 7136 |   23 | COM
 YAEHNnMX | 7430 |   23 | other
 x9JB2aSu | 7604 |   23 | COM
 897wnt35 | 6896 |   23 | other
 ZFAXoVx4 | 6979 |   23 | other
 bqyfvVo4 | 7085 |   23 | other
 RmAqn6K3 | 7680 |   23 | other
 hZqSoiHC | 7253 |   23 | COM
 RjHvjNcT | 7533 |   23 | HOP
 gppHRV6T | 7819 |   23 | HOP
 Lu3DMaD4 | 7573 |   23 | COM
 S8VjCZyD | 7309 |   23 | other
 NakpeAEW | 6993 |   23 | ANG
 pJ2coAKu | 6950 |   23 | NEU
 2tUa8JmQ | 7146 |   23 | other
 rB6ZUMHg | 7101 |   23 | ANG
 tGErov6s | 7059 |   23 | ANG
 ejszLqMP | 7023 |   23 | HOP
 vgyM5Vhe | 6917 |   23 | other
 W4Y4QPsK | 7468 |   23 | COM
 UMQuzgFj | 7295 |   23 | ANG
 v9hTQrj7 | 7047 |   23 | other
 q9QBa7JC | 7488 |   23 | NEU
 vUzNssjh | 7605 |   23 | HOP
 6ygnibAE | 7392 |   23 | other
 8WgB5YVU | 6889 |   23 | other
 4L3rDzpa | 7342 |   23 | COM
 pkXHZqne | 7248 |   23 | other
 6ygnibAE | 7392 |   23 | HOP
 N2JJLtTw | 7725 |   23 | ANG
 HJK8TXN9 | 7303 |   23 | NEU
 76ZLBGhG | 7378 |   23 | NEU
 yWgAqvLe | 7070 |   23 | ANG
 Wvx4wkUK | 6895 |   23 | HOP
 C4F9ZWbq | 7473 |   23 | other
 N2JJLtTw | 7725 |   23 | other
 VJXQERZs | 7798 |   23 | other
 JWuzZtMg | 7279 |   23 | COM
 GXxbnj2k | 7467 |   23 | ANG
 4kBpMTUi | 7043 |   23 | NEU
 UK4rRnZg | 7659 |   23 | other
 SBEAk6pu | 7012 |   23 | other
 TyPcuSsZ | 7741 |   23 | other
 XysT9btn | 7395 |   23 | other
 wzYCSJeo | 7236 |   23 | other
 zRK7An4d | 7701 |   23 | ANG
 zKJ9DEJE | 7108 |   23 | other
 phqsoTxA | 7021 |   23 | other
 HgsizoPn | 6968 |   23 | other
 sonYJ5JS | 7416 |   23 | other
 tWkatKgj | 7526 |   23 | other
 knYf3o8k | 7717 |   23 | NEU
 bVxT6whH | 7597 |   23 | COM
 yd8tFJGA | 7201 |   23 | HOP
 FocX58xu | 6983 |   23 | COM
 wysqrqt2 | 6997 |   23 | ANG
 FqiGfK8C | 7607 |   23 | other
 7n5itAuF | 7200 |   23 | other
 DpSKEzYc | 7212 |   23 | COM
 zUVqud6G | 7539 |   23 | other
 EUAQXNea | 7546 |   23 | other
 A2Wxnn22 | 7013 |   23 | other
 GfvKmDjg | 6932 |   23 | other
 Fx2NQRLt | 7244 |   23 | other
 PwpSnQ4U | 7339 |   23 | other
 vTyU5MSM | 6975 |   23 | NEU
 qvFmdMC4 | 6973 |   23 | other
 EyiNY6xe | 7631 |   23 | other
 qjWqGt9N | 7424 |   23 | other
 erAirnEF | 7417 |   23 | HOP
 AVjtVHv4 | 7349 |   23 | ANG
 VaQ5m6GE | 6913 |   23 | other
 9kroqZM6 | 7260 |   23 | other
 sG3MMqDY | 7281 |   23 | NEU
 yznpm8Fs | 6978 |   23 | COM
 6urjtEpe | 7247 |   23 | other
 uAC4Zzqb | 7522 |   23 | COM
 xSGa72Bg | 7541 |   23 | ANG
 SmkceAb4 | 6916 |   23 | other
 agTAcqko | 7168 |   23 | NEU
 gLc6iBbF | 7385 |   23 | other
 Vnvk6QsY | 7446 |   23 | ANG
 ra6KE7FB | 7418 |   23 | NEU
 Fx2NQRLt | 7244 |   23 | NEU
 KdttqXtg | 7608 |   23 | COM
 XmWjPoqk | 7087 |   23 | NEU
 3pSY8ZFD | 7647 |   23 | other
 eoAnMYJA | 7320 |   23 | NEU
 527RZVap | 7327 |   23 | HOP
 fYURnLvG | 7014 |   23 | COM
 okEaqeeB | 7438 |   23 | COM
 eGBgZ3gp | 7004 |   23 | NEU
 hYhJSKPp | 7050 |   23 | HOP
 Q82yncvE | 7298 |   23 | NEU
 rJPk9QH6 | 7788 |   23 | COM
 K7jgMHUT | 7579 |   23 | ANG
 ZipsaZJS | 7130 |   23 | HOP
 nHLrEqpw | 7302 |   23 | NEU
 HK9Pf2dY | 7155 |   23 | HOP
 vuvGTBqu | 7504 |   23 | other
 sNssxFYu | 7054 |   23 | other
 WVTYozgP | 7655 |   23 | other
 PQ3KWTaG | 7025 |   23 | other
 y4RPv6id | 7447 |   23 | NEU
 MNL5Qakh | 7110 |   23 | ANG
 ZFLKGJ7Y | 7096 |   23 | other
 XfU7C6aB | 7067 |   23 | HOP
 55F5Ti2o | 7214 |   23 | NEU
 D4kyJRER | 7670 |   23 | other
 gRpThkP2 | 7011 |   23 | HOP
 k2MktD7n | 7727 |   23 | other
 REUKpc8F | 7553 |   23 | HOP
 j6TpcAqe | 7324 |   23 | NEU
 AKEPwJy8 | 7166 |   23 | other
 iLoPFQwd | 7280 |   23 | other
 ueydfoMD | 7015 |   23 | other
 CiNXCBzm | 7346 |   23 | other
 4ZVzPoA4 | 7117 |   23 | NEU
 gLc6iBbF | 7385 |   23 | NEU
 7n5itAuF | 7200 |   23 | COM
 8NxW6Pfo | 7037 |   23 | other
 9yk46xLo | 7359 |   23 | other
 o2cut926 | 7089 |   23 | COM
 cAapZQYS | 7404 |   23 | HOP
 VYAsptdw | 7571 |   23 | other
 fYXEBdQb | 7394 |   23 | other
 VQaoZikm | 7460 |   23 | other
 HNXsQcMN | 7100 |   23 | COM
 ZFAXoVx4 | 6979 |   23 | HOP
 5v8NmQ9S | 7437 |   23 | other
 KyqiNehN | 6957 |   23 | ANG
 uk7aidN2 | 7002 |   23 | COM
 d9ESYMMv | 7559 |   23 | other
 2gfUNNUi | 7239 |   23 | other
 orsSht5M | 6977 |   23 | other
 CiNXCBzm | 7346 |   23 | ANG
 XxgTpaGw | 7363 |   23 | COM
 zRrRWLiY | 7265 |   23 | other
 PwpSnQ4U | 7339 |   23 | ANG
 bTncxU7N | 7129 |   23 | COM
 pqNQUKdg | 7088 |   23 | other
 QaPusBWT | 6972 |   23 | other
 PkBVo9qA | 7482 |   23 | other
 cHRnrdBJ | 7509 |   23 | other
 miYJ4oHh | 7554 |   23 | NEU
 MFPjp4xf | 7073 |   23 | HOP
 yxXw7RJ2 | 6984 |   23 | HOP
 EiTX2jM5 | 7810 |   23 | NEU
 MxcVv8XU | 7218 |   23 | other
 3om5P3h7 | 6989 |   23 | other
 dU47xkQG | 6903 |   23 | other
 Kpw6UfHe | 7411 |   23 | ANG
 vCy2Ns6X | 7651 |   23 | NEU
 fg4wYCQa | 7184 |   23 | NEU
 7TAMXjTP | 7082 |   23 | NEU
 tGErov6s | 7059 |   23 | other
 5cjCd2VP | 7733 |   23 | HOP
 JzW5N6h3 | 7682 |   23 | other
 a9kvWcq7 | 7361 |   23 | other
 iCGwjjyP | 7283 |   23 | other
 vCb94fVc | 7063 |   23 | other
 oGpWsYjK | 6914 |   23 | other
 muHADZ6z | 7006 |   23 | COM
 wCZUZGfs | 7638 |   23 | HOP
 gKEnvANP | 7534 |   23 | other
 sh2hK5ob | 7325 |   23 | HOP
 RNQqauy5 | 6967 |   23 | COM
 ex2A8rLH | 7459 |   23 | other
 xnUEWtEV | 7240 |   23 | ANG
 mUgnxwFq | 7824 |   23 | other
 oSseLCZh | 7375 |   23 | other
 uTgvye9U | 7425 |   23 | ANG
 wTd5EW79 | 7365 |   23 | HOP
 g5UC8jfM | 7187 |   23 | NEU
 QHSJVrTJ | 6962 |   23 | other
 vYWFmepc | 7319 |   23 | other
 N56G4Grm | 7338 |   23 | ANG
 erNyvvgF | 7612 |   23 | HOP
 jDR3L6V2 | 7207 |   23 | NEU
 yFeZrNQn | 7109 |   23 | other
 iyMCzCzB | 7613 |   23 | NEU
 QenW2vMJ | 6902 |   23 | NEU
 fDVhiMBo | 6986 |   23 | other
 8NLnEnzC | 7588 |   23 | ANG
 t4QKKnbN | 7804 |   23 | HOP
 R95oWTsA | 6985 |   23 | other
 6DWm5GJu | 6982 |   23 | ANG
 ZeMQcHSj | 7472 |   23 | other
 ubmptcfS | 7397 |   23 | COM
 ewX9iymt | 7813 |   23 | ANG
 3nhHmmnH | 7134 |   23 | NEU
 GWnkaPff | 7795 |   23 | ANG
 jW3CHUGY | 7118 |   23 | other
 YBFSSfNA | 6928 |   23 | HOP
 wDcsWoNT | 7251 |   23 | other
 wdZTJi6p | 7458 |   23 | other
 uAC4Zzqb | 7522 |   23 | other
 EQocRAXm | 7422 |   23 | HOP
 Bbik7at3 | 6908 |   23 | COM
 rTQL4z2N | 7537 |   23 | other
 nUFv5jpe | 7391 |   23 | NEU
 PJbSEcJw | 7654 |   23 | ANG
 q9QBa7JC | 7488 |   23 | other
 nUc8CTP7 | 7046 |   23 | HOP
 o2cut926 | 7089 |   23 | other
 T9cdp7aq | 7462 |   23 | other
 58h9oqgN | 7543 |   23 | COM
 BYdSqNC4 | 7323 |   23 | other
 8dtxGfXr | 7128 |   23 | ANG
 uk7aidN2 | 7002 |   23 | other
 dxSRs2oi | 6938 |   23 | other
 aS59PFrz | 7254 |   23 | other
 5v8NmQ9S | 7437 |   23 | COM
 sBnYFF34 | 7671 |   23 | HOP
 2ndSLXKG | 7502 |   23 | other
 QHSJVrTJ | 6962 |   23 | HOP
 iMteopTZ | 7144 |   23 | HOP
 C4F9ZWbq | 7473 |   23 | HOP
 RSztVSZH | 7008 |   23 | other
 zd8Vj7wP | 7077 |   23 | COM
 nEeVwLJX | 7020 |   23 | HOP
 YBFSSfNA | 6928 |   23 | other
 XysT9btn | 7395 |   23 | ANG
 8td4ahBo | 7210 |   23 | ANG
 nz8B8bkN | 7213 |   23 | other
 5Giz53ao | 7066 |   23 | NEU
 t7XPwv2V | 7352 |   23 | HOP
 QGgpaR2x | 7084 |   23 | other
 T6SNcSGB | 7401 |   23 | other
 dwt6V5pG | 7275 |   23 | COM
 kJtFTJwG | 7229 |   23 | other
 qUeV5DPC | 7451 |   23 | other
 bVxT6whH | 7597 |   23 | other
 ACvzNYt8 | 7173 |   23 | HOP
 piAjSgZx | 7636 |   23 | other
 mmQUAzRe | 7625 |   23 | NEU
 wCZUZGfs | 7638 |   23 | other
 ub34o52h | 7730 |   23 | other
 hYhJSKPp | 7050 |   23 | other
 T6SNcSGB | 7401 |   23 | COM
 fYXEBdQb | 7394 |   23 | ANG
 KThwka6a | 7138 |   23 | other
 iWefLezK | 7520 |   23 | other
 wU8JaC3o | 7177 |   23 | NEU
 zvrDNVBh | 7556 |   23 | ANG
 CFL34Au5 | 7282 |   23 | NEU
 FAgFg3mP | 7053 |   23 | other
 YDGeMPFW | 7575 |   23 | other
 chtv2eWW | 7045 |   23 | COM
 Gm7q2hrz | 7480 |   23 | other
 huffJDgC | 7121 |   23 | other
 hov5Vz8g | 7107 |   23 | other
 cmjePdKK | 7293 |   23 | other
 EyiNY6xe | 7631 |   23 | ANG
 HgsizoPn | 6968 |   23 | NEU
 Wf6FAQ7m | 7548 |   23 | other
 dkDAefWR | 7078 |   23 | HOP
 DgmJqKBu | 7106 |   23 | ANG
 7oH6yzgb | 6933 |   23 | NEU
 vtsXoGHw | 7335 |   23 | other
 RTsM2YGu | 7086 |   23 | NEU
 z5vQTZK9 | 7192 |   23 | other
 jycTToAp | 7148 |   23 | ANG
 wPU7oe8w | 7493 |   23 | other
 2tUa8JmQ | 7146 |   23 | ANG
 wTd5EW79 | 7365 |   23 | other
 KyCyb545 | 7345 |   23 | other
 NiGmhSAB | 7470 |   23 | other
 vwn2JkKW | 7048 |   23 | other
 58RpoVWT | 7300 |   23 | COM
 vodQ7BPc | 6969 |   23 | HOP
 RmAqn6K3 | 7680 |   23 | HOP
 goVS6hka | 7498 |   23 | COM
 9kroqZM6 | 7260 |   23 | HOP
 vUzNssjh | 7605 |   23 | other
 ZhnEGjQV | 7016 |   23 | other
 7F4N2svK | 6998 |   23 | other
 MiyGW3V6 | 7782 |   23 | other
 8NxW6Pfo | 7037 |   23 | HOP
 BZo5mhuc | 7058 |   23 | other
 JWuzZtMg | 7279 |   23 | other
 3aW7SFit | 7600 |   23 | other
 yznpm8Fs | 6978 |   23 | other
 mckEcYuS | 7049 |   23 | COM
 5Giz53ao | 7066 |   23 | other
 76ZLBGhG | 7378 |   23 | other
 YG4HKBZj | 7336 |   23 | other
 kJHAzmqG | 7490 |   23 | other
 vuvGTBqu | 7504 |   23 | HOP
 T9cdp7aq | 7462 |   23 | NEU
 6hhTRmb3 | 7567 |   23 | other
 BecHaDGK | 7409 |   23 | other
 FeXE5BSi | 7102 |   23 | other
 kWaXx7ac | 7056 |   23 | ANG
 P3c2rAqt | 7370 |   23 | other
 wysqrqt2 | 6997 |   23 | other
 fywZcHPL | 7205 |   23 | HOP
 cfxpUv92 | 7506 |   23 | NEU
 AzikHNaH | 7165 |   23 | NEU
 idkgHfm6 | 7399 |   23 | HOP
 8XrxH8i4 | 7174 |   23 | other
 r45Wuj8z | 7376 |   23 | other
 EvZrb4je | 7156 |   23 | other
 joy79NaK | 7643 |   23 | ANG
 sonYJ5JS | 7416 |   23 | NEU
 o2jtEd2y | 7406 |   23 | ANG
 HE93eVsu | 7383 |   23 | NEU
 mZL5KVom | 7388 |   23 | ANG
 c8sNR3Ms | 7164 |   23 | HOP
 8NLnEnzC | 7588 |   23 | other
 knYf3o8k | 7717 |   23 | other
 kWozVE4B | 7501 |   23 | other
 67zUmyPx | 7019 |   23 | other
 pkXHZqne | 7248 |   23 | HOP
 8LajyjVb | 7305 |   23 | HOP
 RtsaF6hs | 7582 |   23 | other
 uvg6aBpr | 7231 |   23 | COM
 Ys4YPx8D | 7261 |   23 | other
 BuWndEw8 | 7024 |   23 | other
 EUAQXNea | 7546 |   23 | HOP
 iCGwjjyP | 7283 |   23 | ANG
 jrmkLboU | 7115 |   23 | COM
 58RpoVWT | 7300 |   23 | other
 MdzMJ4Vt | 7081 |   23 | HOP
 umb3CKev | 7228 |   23 | other
 9qbeHf2g | 7060 |   23 | other
 8WgB5YVU | 6889 |   23 | ANG
 dxSRs2oi | 6938 |   23 | ANG
 kJtFTJwG | 7229 |   23 | ANG
 PDC5ahRn | 7393 |   23 | ANG
 REUKpc8F | 7553 |   23 | other
 TzqWGuLT | 7547 |   23 | NEU
 6aEVnFe4 | 7718 |   23 | NEU
 Q8M4KjB8 | 6958 |   23 | other
 Gc4nGpUE | 7512 |   23 | other
 qmrd7888 | 7481 |   23 | other
 FAgFg3mP | 7053 |   23 | COM
 Xau5mhmR | 7152 |   23 | other
 ru8XJvU4 | 7427 |   23 | other
 DrjzG9mg | 7296 |   23 | other
 VQaoZikm | 7460 |   23 | HOP
 HgEdwvUM | 7331 |   23 | other
 9uB5LksW | 7259 |   23 | COM
 Vgm7NaN6 | 7195 |   23 | COM
 cfxpUv92 | 7506 |   23 | other
 KJUUqhjp | 7700 |   23 | NEU
 PxEWZu4F | 6974 |   23 | other
 kWozVE4B | 7501 |   23 | ANG
 icPeVnh7 | 7176 |   23 | HOP
 vrhqFGT7 | 7316 |   23 | other
 pMkAszx7 | 7169 |   23 | other
 txfa6fvP | 7415 |   23 | other
 Tyj6sp3Z | 7310 |   23 | other
 8g2raXFx | 7576 |   23 | other
 6aEVnFe4 | 7718 |   23 | other
 9yk46xLo | 7359 |   23 | COM
 4FyUn78W | 7029 |   23 | other
 BswQXAip | 7614 |   23 | other
 iMMobyei | 7355 |   23 | other
 q4Kv2fre | 6980 |   23 | NEU
 QBWGVQ2P | 7611 |   23 | COM
 Gc4nGpUE | 7512 |   23 | NEU
 ubmptcfS | 7397 |   23 | other
 it5TGNQK | 6966 |   23 | COM
 2nsy96bo | 7461 |   23 | other
 MFPjp4xf | 7073 |   23 | other
 t4QKKnbN | 7804 |   23 | other
 ZFLKGJ7Y | 7096 |   23 | ANG
 PEStyDeo | 7069 |   23 | NEU
 kJHAzmqG | 7490 |   23 | HOP
 cjPjym9b | 7486 |   23 | other
 7dgudZqm | 7444 |   23 | other
 LN35x7q3 | 7580 |   23 | other
 jrmkLboU | 7115 |   23 | other
 Qi9rP8Fo | 7384 |   23 | HOP
 dAWxz9YN | 7083 |   23 | other
 8w6pXxej | 7532 |   23 | ANG
 xBKM46sF | 7368 |   23 | other
 5E62ze4k | 7436 |   23 | ANG
 nz8B8bkN | 7213 |   23 | HOP
 dU47xkQG | 6903 |   23 | ANG
 HnGYjRjt | 7276 |   23 | COM
 mZL5KVom | 7388 |   23 | other
 vgyM5Vhe | 6917 |   23 | HOP
 DotCzEHM | 6904 |   23 | COM
 RpYuedLX | 6918 |   23 | other
 874NXqkJ | 7317 |   23 | ANG
 DrjzG9mg | 7296 |   23 | ANG
 2adEBKW2 | 7091 |   23 | NEU
 DeNUfFLc | 7304 |   23 | other
 JphiQiwY | 6898 |   23 | NEU
 RGpeiTio | 7583 |   23 | other
 EQocRAXm | 7422 |   23 | other
 Mb295gEn | 7412 |   23 | COM
 GukjUV88 | 7380 |   23 | other
 JYiTYg9X | 7640 |   23 | other
 YM73ykhH | 7584 |   23 | HOP
 mckEcYuS | 7049 |   23 | other
 dAWxz9YN | 7083 |   23 | ANG
 PkBVo9qA | 7482 |   23 | ANG
 GT8X7b3r | 7596 |   23 | ANG
 YAEHNnMX | 7430 |   23 | HOP
 HE93eVsu | 7383 |   23 | other
 cDz3wDh7 | 7606 |   23 | other
 iH9qcUbU | 7284 |   23 | ANG
 jawpZM7R | 7621 |   23 | other
 X9qR5N3s | 7334 |   23 | other
 AknyW6vT | 7816 |   23 | other
 Us529hnK | 7224 |   23 | ANG
 GaJbRziz | 6925 |   23 | other
 x9vNPWhT | 6897 |   23 | ANG
 QG33Qz5q | 7062 |   23 | ANG
 q8CHMA4W | 7499 |   23 | COM
 byCfCiuQ | 7407 |   23 | other
 phqsoTxA | 7021 |   23 | NEU
 zsM4Xbws | 7594 |   23 | HOP
 nUFv5jpe | 7391 |   23 | other
 jovy6fRJ | 7000 |   23 | other
 58h9oqgN | 7543 |   23 | other
 HnGYjRjt | 7276 |   23 | other
 okEaqeeB | 7438 |   23 | other
 dd43U8oh | 7410 |   23 | ANG
 Sy2oRHsR | 7344 |   23 | other
 WZkdrmzb | 7172 |   23 | other
 Dfzp5U7j | 7040 |   23 | other
 UK4rRnZg | 7659 |   23 | HOP
 vVLWRvS5 | 7322 |   23 | COM
 anVcPMce | 7688 |   23 | COM
 WAxPkk8E | 7145 |   23 | NEU
 KcT2kANL | 7449 |   23 | ANG
 umb3CKev | 7228 |   23 | NEU
 U8aktcyv | 7315 |   23 | HOP
 QGgpaR2x | 7084 |   23 | COM
 vodQ7BPc | 6969 |   23 | other
 ex2A8rLH | 7459 |   23 | ANG
 8zLWysKJ | 7255 |   23 | NEU
 erNyvvgF | 7612 |   23 | other
 hov5Vz8g | 7107 |   23 | COM
 wdZTJi6p | 7458 |   23 | HOP
 oj92wZUp | 7147 |   23 | NEU
 iqTzq9PH | 7463 |   23 | other
 d8nBK7F5 | 7225 |   23 | COM
 iExF8WCr | 7028 |   23 | other
 qb98eUu9 | 7413 |   23 | other
 3Mmy4rem | 7269 |   23 | NEU
 bdqK3mQ3 | 6953 |   23 | other
 eh9VBpF7 | 7075 |   23 | other
 M6iyortF | 6911 |   23 | ANG
 HK9Pf2dY | 7155 |   23 | other
 MdzMJ4Vt | 7081 |   23 | other
 6n6cKm9d | 6924 |   23 | ANG
 6hhTRmb3 | 7567 |   23 | ANG
 mvLMSbTs | 7219 |   23 | other
 rQrfxjiN | 6915 |   23 | other
 hsYB7PsE | 7442 |   23 | NEU
 w9Ne57ic | 6970 |   23 | NEU
 vCb94fVc | 7063 |   23 | COM
 bdqK3mQ3 | 6953 |   23 | HOP
 VaQ5m6GE | 6913 |   23 | NEU
 H3kuqTtx | 7464 |   23 | HOP
 SNUe6Unm | 7433 |   23 | NEU
 e88XpNzu | 7350 |   23 | ANG
 dZJV5Nex | 7007 |   23 | other
 WyTrKBAb | 7560 |   23 | other
 M3DrqrnK | 7266 |   23 | other
 eh9VBpF7 | 7075 |   23 | COM
 EpwvzJsH | 7435 |   23 | ANG
 iH9qcUbU | 7284 |   23 | other
 E5ki7vQe | 7740 |   23 | other
 rjKgXhrJ | 7474 |   23 | other
 LN35x7q3 | 7580 |   23 | COM
 Tyj6sp3Z | 7310 |   23 | NEU
 vwn2JkKW | 7048 |   23 | ANG
 25ehvHrF | 6939 |   23 | COM
 d9ESYMMv | 7559 |   23 | COM
 GUutQBdm | 7497 |   23 | other
 MnisYZRN | 7348 |   23 | other
 RUd8wAUz | 7068 |   23 | other
 ZipsaZJS | 7130 |   23 | other
 8w6pXxej | 7532 |   23 | other
 up3jtgPj | 7105 |   23 | other
 hhRttGu2 | 6905 |   23 | other
 qp9pc9Q7 | 7426 |   23 | ANG
 mfUpeSSM | 7382 |   23 | other
 e88XpNzu | 7350 |   23 | other
 SmkceAb4 | 6916 |   23 | COM
 wv8E2DjU | 7624 |   23 | other
 4mnkpy3p | 6937 |   23 | NEU
 dsf8uVif | 7196 |   23 | HOP
 Y8cC4oQz | 7142 |   23 | COM
 sJM2q6tt | 7154 |   23 | other
 D4kyJRER | 7670 |   23 | COM
 JqrCf8vm | 7347 |   23 | COM
 eGBgZ3gp | 7004 |   23 | other
 CqYd6iod | 7158 |   23 | ANG
 7oZhwRc3 | 7120 |   23 | other
 zNzuNXEt | 7116 |   23 | other
 ik9x6VHE | 6900 |   23 | HOP
 2EbKhBG3 | 7034 |   23 | other
 AADF5Ngu | 6981 |   23 | other
 cj3QC5Mp | 7242 |   23 | other
 LoSRiGk7 | 7189 |   23 | ANG
 Q82yncvE | 7298 |   23 | other
 5LyU9tks | 7781 |   23 | NEU
 3dUVdG9d | 7186 |   23 | HOP
 XmWjPoqk | 7087 |   23 | other
 zd8Vj7wP | 7077 |   23 | other
 abgpFEVv | 7549 |   23 | other
 oqC5RGYu | 7367 |   23 | HOP
 khC7z8vu | 7312 |   23 | ANG
 5cjCd2VP | 7733 |   23 | other
 wCCJ8fKr | 6964 |   23 | other
 oSseLCZh | 7375 |   23 | COM
 cj3QC5Mp | 7242 |   23 | HOP
 raWfZH8X | 7095 |   23 | other
 ZyjBincj | 7074 |   23 | ANG
 msHXnGEW | 7602 |   23 | ANG
 vheYwu3Y | 7227 |   23 | HOP
 dZJV5Nex | 7007 |   23 | NEU
 BswQXAip | 7614 |   23 | ANG
 YLbiPYBA | 7674 |   23 | NEU
 2uKXditr | 7027 |   23 | other
 Ha9RxWPt | 6940 |   23 | HOP
 agU9ffPz | 7119 |   23 | other
 484Sb4r2 | 7149 |   23 | other
 r3JjfGgR | 7039 |   23 | NEU
 WTkTDK5Y | 6907 |   23 | COM
 ZifMc4JW | 6930 |   23 | other
 DotCzEHM | 6904 |   23 | other
 7oH6yzgb | 6933 |   23 | other
 XqzdWQKs | 7132 |   23 | COM
 Cd5KyHQ2 | 7143 |   23 | other
 iWefLezK | 7520 |   23 | HOP
 api7rNv6 | 7299 |   23 | other
 o2jtEd2y | 7406 |   23 | other
 iKwPgVgi | 6919 |   23 | other
 TtMqvyP3 | 7112 |   23 | other
 fRPah822 | 7379 |   23 | ANG
 qmrd7888 | 7481 |   23 | ANG
 iypja3jv | 7755 |   23 | HOP
 L82PLSDD | 7041 |   23 | other
 khpiMtnX | 7126 |   23 | other
 XqzdWQKs | 7132 |   23 | other
 DgmJqKBu | 7106 |   23 | other
 vTyU5MSM | 6975 |   23 | other
 pM8PPU4p | 6963 |   23 | NEU
 VHrqivMp | 7617 |   23 | other
 zKJ9DEJE | 7108 |   23 | HOP
 x9HU7YZj | 7455 |   23 | other
 8dtxGfXr | 7128 |   23 | other
 emWWkyhi | 7487 |   23 | other
 WCWVMXpU | 7627 |   23 | HOP
 2nsy96bo | 7461 |   23 | NEU
 XfU7C6aB | 7067 |   23 | other
 B7FCA7Hi | 7454 |   23 | COM
 MBE6BmeC | 7125 |   23 | other
 huKjmCLE | 7286 |   23 | other
 UzdpMEi9 | 7221 |   23 | HOP
 baNSPQ6x | 7715 |   23 | other
 QBWGVQ2P | 7611 |   23 | other
 T2cs5Vq6 | 7022 |   23 | other
 uw3YL8EB | 6999 |   23 | other
 GT8X7b3r | 7596 |   23 | other
 KtTdaQUc | 7290 |   23 | other
 Kpw6UfHe | 7411 |   23 | other
 uiWXAi4H | 7064 |   23 | HOP
 wzYCSJeo | 7236 |   23 | COM
 ZBA5GPvQ | 7209 |   23 | ANG
 HKpfuoU9 | 7135 |   23 | other
 igsi6vyW | 7494 |   23 | other
 xdfrYn63 | 7598 |   23 | other
 emWWkyhi | 7487 |   23 | NEU
 aptiYW8s | 7245 |   23 | other
 aPi9Zvbo | 7695 |   23 | other
 KcT2kANL | 7449 |   23 | other
 jDR3L6V2 | 7207 |   23 | other
 joy79NaK | 7643 |   23 | other
 AVjtVHv4 | 7349 |   23 | other
 BZo5mhuc | 7058 |   23 | HOP
 W4Y4QPsK | 7468 |   23 | other
 KHAomz9u | 7308 |   23 | ANG
 mvLMSbTs | 7219 |   23 | NEU
 wQREC73n | 7666 |   23 | ANG
 NakpeAEW | 6993 |   23 | other
 BBKNwC9o | 7314 |   23 | HOP
 6Zw8peLo | 7038 |   23 | NEU
 Vnvk6QsY | 7446 |   23 | other
 k2MktD7n | 7727 |   23 | ANG
 txfa6fvP | 7415 |   23 | NEU
 dqt83VWU | 7076 |   23 | NEU
 rQrfxjiN | 6915 |   23 | ANG
 So6RhsTE | 7521 |   23 | other
 scriFANt | 7337 |   23 | NEU
 ZN9Z6yFo | 7057 |   23 | other
 vodhvv4A | 7387 |   23 | other
 vodhvv4A | 7387 |   23 | COM
 qvFmdMC4 | 6973 |   23 | HOP
 WCWVMXpU | 7627 |   23 | other
 wPU7oe8w | 7493 |   23 | ANG
 TtMqvyP3 | 7112 |   23 | NEU
 GoX4Q3Jq | 7113 |   23 | other
 wQH95CJs | 7443 |   23 | other
 QG33Qz5q | 7062 |   23 | other
 7it4C3XE | 7429 |   23 | other
 95QdXoHH | 6956 |   23 | ANG
 x9vNPWhT | 6897 |   23 | other
 PKsJDt8v | 7587 |   23 | other
 S8VjCZyD | 7309 |   23 | COM
 4FyUn78W | 7029 |   23 | ANG
 DTFHAiv4 | 7017 |   23 | other
 S4Bxtcp5 | 7552 |   23 | other
 7dgudZqm | 7444 |   23 | HOP
 5un4ty5c | 7292 |   23 | other
 ZBA5GPvQ | 7209 |   23 | other
 EiTX2jM5 | 7810 |   23 | other
 iypja3jv | 7755 |   23 | other
 JzW5N6h3 | 7682 |   23 | NEU
 sz9RXfn3 | 7414 |   23 | other
 2rXHVFpo | 7366 |   23 | ANG
 9kgzLqYF | 7519 |   23 | other
 N4TCAMcN | 7445 |   23 | other
 taCSZdRC | 7203 |   23 | ANG
 MBE6BmeC | 7125 |   23 | NEU
 RUd8wAUz | 7068 |   23 | NEU
 mq2QH9Eh | 6891 |   23 | COM
 874NXqkJ | 7317 |   23 | other
 2Wrv69hL | 6991 |   23 | HOP
 3pSY8ZFD | 7647 |   23 | COM
 iLoPFQwd | 7280 |   23 | HOP
 4rbnQhxH | 7051 |   23 | other
 wf7SSFiw | 6912 |   23 | HOP
 qjWqGt9N | 7424 |   23 | COM
 sNssxFYu | 7054 |   23 | HOP
 yakq6nqx | 7272 |   23 | other
 xHcQs7Yu | 7111 |   23 | HOP
 QSZfCKPY | 7321 |   23 | other
 Q7oN6QEh | 6952 |   23 | COM
 BBKNwC9o | 7314 |   23 | other
 KtTdaQUc | 7290 |   23 | NEU
 Cq9ohqXE | 7090 |   23 | other
 BoCkciZv | 7610 |   23 | other
 aS59PFrz | 7254 |   23 | HOP
 uvg6aBpr | 7231 |   23 | other
 ecpfxJEQ | 7093 |   23 | COM
 z7MpCZxY | 7390 |   23 | HOP
 kHrUhmfW | 7220 |   23 | other
 MqY6Jzry | 7171 |   23 | ANG
 cmjePdKK | 7293 |   23 | ANG
 xfC3VhGZ | 7373 |   23 | other
 mvPFvRzE | 6922 |   23 | NEU
 5E62ze4k | 7436 |   23 | other
 Q8M4KjB8 | 6958 |   23 | NEU
 RdBNuQFY | 7450 |   23 | other
 T2cs5Vq6 | 7022 |   23 | ANG
 qYjyT32P | 7545 |   23 | other
 4MJTYi97 | 7503 |   23 | NEU
 sJM2q6tt | 7154 |   23 | NEU
 MxcVv8XU | 7218 |   23 | HOP
 VYAsptdw | 7571 |   23 | NEU
 G5YreLGP | 6934 |   23 | other
 pEuTf8Zg | 7609 |   23 | NEU
 mfUpeSSM | 7382 |   23 | HOP
 vheYwu3Y | 7227 |   23 | other
 RpYuedLX | 6918 |   23 | NEU
 x9HU7YZj | 7455 |   23 | COM
 dwt6V5pG | 7275 |   23 | other
 YDGeMPFW | 7575 |   23 | HOP
 H3kuqTtx | 7464 |   23 | other
 yWgAqvLe | 7070 |   23 | other
 w9Ne57ic | 6970 |   23 | other
 CZALgWZY | 7523 |   23 | COM
 dV3ixRD6 | 7139 |   23 | ANG
 g27aSAhT | 7434 |   23 | ANG
 jfRtYDJk | 7419 |   23 | COM
 jW3CHUGY | 7118 |   23 | ANG
 LY8CBf3U | 7492 |   23 | HOP
 4L3rDzpa | 7342 |   23 | other
 De7r8Y9w | 7055 |   23 | NEU
 FpBu9Mkz | 7190 |   23 | COM
 3neD6HnQ | 7179 |   23 | other
 Xau5mhmR | 7152 |   23 | COM
 38zvbgXZ | 7616 |   23 | other
 WVTYozgP | 7655 |   23 | COM
 Dz5cBuJ3 | 7065 |   23 | COM
 Wvx4wkUK | 6895 |   23 | other
 zvrDNVBh | 7556 |   23 | other
 hVFo5PnP | 7364 |   23 | COM
 Pf6yLP9x | 7036 |   23 | other
 wAtsr98q | 6988 |   23 | other
 goVS6hka | 7498 |   23 | other
 kw3c2eTS | 7516 |   23 | NEU
 Ty7KSUce | 6994 |   23 | COM
 SVaqbdax | 7517 |   23 | other
 sh2hK5ob | 7325 |   23 | other

