  sid  | stid |  name   | ord | val 
-------+------+---------+-----+-----
  6889 |   23 | wept-pl |   0 | 1
  6891 |   23 | wept-pl |   0 | 5
  6893 |   23 | wept-pl |   0 | 5
  6895 |   23 | wept-pl |   0 | 0
  6896 |   23 | wept-pl |   0 | 0
  6897 |   23 | wept-pl |   0 | 5
  6898 |   23 | wept-pl |   0 | 0
  6899 |   23 | wept-pl |   0 | 0
  6900 |   23 | wept-pl |   0 | 0
  6902 |   23 | wept-pl |   0 | 10
  6903 |   23 | wept-pl |   0 | 10
  6904 |   23 | wept-pl |   0 | 5
  6905 |   23 | wept-pl |   0 | 5
  6906 |   23 | wept-pl |   0 | 0
  6907 |   23 | wept-pl |   0 | 0
  6908 |   23 | wept-pl |   0 | 2
  6910 |   23 | wept-pl |   0 | 5
  6911 |   23 | wept-pl |   0 | 1
  6912 |   23 | wept-pl |   0 | 0
  6913 |   23 | wept-pl |   0 | 10
  6914 |   23 | wept-pl |   0 | 0
  6915 |   23 | wept-pl |   0 | 5
  6916 |   23 | wept-pl |   0 | 0
  6917 |   23 | wept-pl |   0 | 0
  6918 |   23 | wept-pl |   0 | 20
  6919 |   23 | wept-pl |   0 | 5
  6922 |   23 | wept-pl |   0 | 0
  6924 |   23 | wept-pl |   0 | 5
  6925 |   23 | wept-pl |   0 | 0
  6927 |   23 | wept-pl |   0 | 5
  6928 |   23 | wept-pl |   0 | 2
  6929 |   23 | wept-pl |   0 | 1
  6930 |   23 | wept-pl |   0 | 2
  6931 |   23 | wept-pl |   0 | 2
  6932 |   23 | wept-pl |   0 | 2
  6933 |   23 | wept-pl |   0 | 5
  6934 |   23 | wept-pl |   0 | 0
  6935 |   23 | wept-pl |   0 | 5
  6937 |   23 | wept-pl |   0 | 0
  6938 |   23 | wept-pl |   0 | 5
  6939 |   23 | wept-pl |   0 | 0
  6940 |   23 | wept-pl |   0 | 0
  6950 |   23 | wept-pl |   0 | 5
  6951 |   23 | wept-pl |   0 | 5
  6953 |   23 | wept-pl |   0 | 0
  6954 |   23 | wept-pl |   0 | 0
  6955 |   23 | wept-pl |   0 | 0
  6956 |   23 | wept-pl |   0 | 2
  6957 |   23 | wept-pl |   0 | 0
  6958 |   23 | wept-pl |   0 | 1
  6959 |   23 | wept-pl |   0 | 10
  6960 |   23 | wept-pl |   0 | 0
  6961 |   23 | wept-pl |   0 | 10
  6963 |   23 | wept-pl |   0 | 0
  6964 |   23 | wept-pl |   0 | 0
  6965 |   23 | wept-pl |   0 | 0
  6966 |   23 | wept-pl |   0 | 0
  6967 |   23 | wept-pl |   0 | 9
  6968 |   23 | wept-pl |   0 | 5
  6969 |   23 | wept-pl |   0 | 0
  6970 |   23 | wept-pl |   0 | 10
  6972 |   23 | wept-pl |   0 | 5
  6973 |   23 | wept-pl |   0 | 10
  6974 |   23 | wept-pl |   0 | 0
  6975 |   23 | wept-pl |   0 | 0
  6977 |   23 | wept-pl |   0 | 0
  6978 |   23 | wept-pl |   0 | 10
  6979 |   23 | wept-pl |   0 | 0
  6980 |   23 | wept-pl |   0 | 5
  6981 |   23 | wept-pl |   0 | 13
  6982 |   23 | wept-pl |   0 | 10
  6983 |   23 | wept-pl |   0 | 0
  6984 |   23 | wept-pl |   0 | 20
  6985 |   23 | wept-pl |   0 | 10
  6986 |   23 | wept-pl |   0 | 0
  6987 |   23 | wept-pl |   0 | 1
  6988 |   23 | wept-pl |   0 | 0
  6989 |   23 | wept-pl |   0 | 5
  6990 |   23 | wept-pl |   0 | 5
  6991 |   23 | wept-pl |   0 | 2
  6992 |   23 | wept-pl |   0 | 2
  6993 |   23 | wept-pl |   0 | 10
  6994 |   23 | wept-pl |   0 | 10
  6995 |   23 | wept-pl |   0 | 0
  6996 |   23 | wept-pl |   0 | 2
  6998 |   23 | wept-pl |   0 | 2
  6999 |   23 | wept-pl |   0 | 10
  7000 |   23 | wept-pl |   0 | 0
  7001 |   23 | wept-pl |   0 | 10
  7002 |   23 | wept-pl |   0 | 0
  7003 |   23 | wept-pl |   0 | 0
  7004 |   23 | wept-pl |   0 | 10
  7005 |   23 | wept-pl |   0 | 0
  7006 |   23 | wept-pl |   0 | 20
  7007 |   23 | wept-pl |   0 | 10
  7008 |   23 | wept-pl |   0 | 1
  7009 |   23 | wept-pl |   0 | 0
  7010 |   23 | wept-pl |   0 | 0
  7011 |   23 | wept-pl |   0 | 5
  7012 |   23 | wept-pl |   0 | 10
  7015 |   23 | wept-pl |   0 | 0
  7016 |   23 | wept-pl |   0 | 0
  7017 |   23 | wept-pl |   0 | 0
  7018 |   23 | wept-pl |   0 | 1
  7019 |   23 | wept-pl |   0 | 20
  7020 |   23 | wept-pl |   0 | 10
  7021 |   23 | wept-pl |   0 | 2
  7022 |   23 | wept-pl |   0 | 5
  7023 |   23 | wept-pl |   0 | 2
  7024 |   23 | wept-pl |   0 | 3
  7025 |   23 | wept-pl |   0 | 0
  7026 |   23 | wept-pl |   0 | 0
  7027 |   23 | wept-pl |   0 | 0
  7028 |   23 | wept-pl |   0 | 0
  7029 |   23 | wept-pl |   0 | 0
  7030 |   23 | wept-pl |   0 | 0
  7031 |   23 | wept-pl |   0 | 0
  7034 |   23 | wept-pl |   0 | 1
  7035 |   23 | wept-pl |   0 | 10
  7036 |   23 | wept-pl |   0 | 5
  7039 |   23 | wept-pl |   0 | 1
  7040 |   23 | wept-pl |   0 | 3
  7041 |   23 | wept-pl |   0 | 0
  7042 |   23 | wept-pl |   0 | 2
  7043 |   23 | wept-pl |   0 | 1
  7044 |   23 | wept-pl |   0 | 2
  7045 |   23 | wept-pl |   0 | 0
  7046 |   23 | wept-pl |   0 | 0
  7047 |   23 | wept-pl |   0 | 0
  7048 |   23 | wept-pl |   0 | 0
  7050 |   23 | wept-pl |   0 | 10
  7051 |   23 | wept-pl |   0 | 0
  7052 |   23 | wept-pl |   0 | 2
  7053 |   23 | wept-pl |   0 | 5
  7054 |   23 | wept-pl |   0 | 1
  7055 |   23 | wept-pl |   0 | 10
  7056 |   23 | wept-pl |   0 | 0
  7057 |   23 | wept-pl |   0 | 3
  7058 |   23 | wept-pl |   0 | 1
  7059 |   23 | wept-pl |   0 | 2
  7060 |   23 | wept-pl |   0 | 5
  7061 |   23 | wept-pl |   0 | 0
  7062 |   23 | wept-pl |   0 | 20
  7063 |   23 | wept-pl |   0 | 2
  7064 |   23 | wept-pl |   0 | 0
  7065 |   23 | wept-pl |   0 | 5
  7066 |   23 | wept-pl |   0 | 10
  7067 |   23 | wept-pl |   0 | 5
  7068 |   23 | wept-pl |   0 | 1
  7069 |   23 | wept-pl |   0 | 1
  7070 |   23 | wept-pl |   0 | 5
  7072 |   23 | wept-pl |   0 | 0
  7073 |   23 | wept-pl |   0 | 0
  7074 |   23 | wept-pl |   0 | 5
  7075 |   23 | wept-pl |   0 | 0
  7076 |   23 | wept-pl |   0 | 6
  7077 |   23 | wept-pl |   0 | 20
  7078 |   23 | wept-pl |   0 | 10
  7079 |   23 | wept-pl |   0 | 0
  7081 |   23 | wept-pl |   0 | 5
  7082 |   23 | wept-pl |   0 | 2
  7083 |   23 | wept-pl |   0 | 0
  7084 |   23 | wept-pl |   0 | 6
  7085 |   23 | wept-pl |   0 | 1
  7087 |   23 | wept-pl |   0 | 0
  7088 |   23 | wept-pl |   0 | 0
  7089 |   23 | wept-pl |   0 | 10
  7090 |   23 | wept-pl |   0 | 5
  7091 |   23 | wept-pl |   0 | 1
  7093 |   23 | wept-pl |   0 | 1
  7094 |   23 | wept-pl |   0 | 3
  7095 |   23 | wept-pl |   0 | 10
  7096 |   23 | wept-pl |   0 | 1
  7097 |   23 | wept-pl |   0 | 10
  7098 |   23 | wept-pl |   0 | 1
  7100 |   23 | wept-pl |   0 | 10
  7101 |   23 | wept-pl |   0 | 0
  7102 |   23 | wept-pl |   0 | 10
  7103 |   23 | wept-pl |   0 | 0
  7105 |   23 | wept-pl |   0 | 0
  7106 |   23 | wept-pl |   0 | 0
  7107 |   23 | wept-pl |   0 | 5
  7108 |   23 | wept-pl |   0 | 1
  7109 |   23 | wept-pl |   0 | 15
  7110 |   23 | wept-pl |   0 | 0
  7111 |   23 | wept-pl |   0 | 3
  7112 |   23 | wept-pl |   0 | 0
  7113 |   23 | wept-pl |   0 | 0
  7115 |   23 | wept-pl |   0 | 5
  7116 |   23 | wept-pl |   0 | 0
  7117 |   23 | wept-pl |   0 | 0
  7118 |   23 | wept-pl |   0 | 0
  7119 |   23 | wept-pl |   0 | 1
  7120 |   23 | wept-pl |   0 | 0
  7121 |   23 | wept-pl |   0 | 0
  7122 |   23 | wept-pl |   0 | 5
  7123 |   23 | wept-pl |   0 | 20
  7124 |   23 | wept-pl |   0 | 2
  7125 |   23 | wept-pl |   0 | 8
  7126 |   23 | wept-pl |   0 | 0
  7128 |   23 | wept-pl |   0 | 0
  7129 |   23 | wept-pl |   0 | 1
  7130 |   23 | wept-pl |   0 | 0
  7131 |   23 | wept-pl |   0 | 0
  7132 |   23 | wept-pl |   0 | 1
  7133 |   23 | wept-pl |   0 | 5
  7134 |   23 | wept-pl |   0 | 1
  7135 |   23 | wept-pl |   0 | 0
  7136 |   23 | wept-pl |   0 | 5
  7138 |   23 | wept-pl |   0 | 5
  7139 |   23 | wept-pl |   0 | 0
  7140 |   23 | wept-pl |   0 | 5
  7141 |   23 | wept-pl |   0 | 0
  7142 |   23 | wept-pl |   0 | 1
  7143 |   23 | wept-pl |   0 | 0
  7144 |   23 | wept-pl |   0 | 1
  7145 |   23 | wept-pl |   0 | 5
  7146 |   23 | wept-pl |   0 | 10
  7147 |   23 | wept-pl |   0 | 3
  7148 |   23 | wept-pl |   0 | 0
  7149 |   23 | wept-pl |   0 | 10
  7151 |   23 | wept-pl |   0 | 10
  7152 |   23 | wept-pl |   0 | 5
  7153 |   23 | wept-pl |   0 | 2
  7154 |   23 | wept-pl |   0 | 10
  7155 |   23 | wept-pl |   0 | 5
  7156 |   23 | wept-pl |   0 | 0
  7158 |   23 | wept-pl |   0 | 0
  7159 |   23 | wept-pl |   0 | 0
  7165 |   23 | wept-pl |   0 | 0
  7166 |   23 | wept-pl |   0 | 1
  7168 |   23 | wept-pl |   0 | 5
  7169 |   23 | wept-pl |   0 | 0
  7170 |   23 | wept-pl |   0 | 10
  7172 |   23 | wept-pl |   0 | 5
  7173 |   23 | wept-pl |   0 | 0
  7174 |   23 | wept-pl |   0 | 5
  7176 |   23 | wept-pl |   0 | 0
  7177 |   23 | wept-pl |   0 | 0
  7178 |   23 | wept-pl |   0 | 1
  7179 |   23 | wept-pl |   0 | 1
  7181 |   23 | wept-pl |   0 | 0
  7183 |   23 | wept-pl |   0 | 5
  7185 |   23 | wept-pl |   0 | 1
  7186 |   23 | wept-pl |   0 | 1
  7187 |   23 | wept-pl |   0 | 0
  7189 |   23 | wept-pl |   0 | 0
  7190 |   23 | wept-pl |   0 | 0
  7192 |   23 | wept-pl |   0 | 1
  7195 |   23 | wept-pl |   0 | 10
  7197 |   23 | wept-pl |   0 | 0
  7198 |   23 | wept-pl |   0 | 5
  7200 |   23 | wept-pl |   0 | 1
  7201 |   23 | wept-pl |   0 | 5
  7203 |   23 | wept-pl |   0 | 10
  7204 |   23 | wept-pl |   0 | 10
  7205 |   23 | wept-pl |   0 | 0
  7206 |   23 | wept-pl |   0 | 6
  7207 |   23 | wept-pl |   0 | 0
  7209 |   23 | wept-pl |   0 | 0
  7212 |   23 | wept-pl |   0 | 10
  7213 |   23 | wept-pl |   0 | 2
  7214 |   23 | wept-pl |   0 | 1
  7217 |   23 | wept-pl |   0 | 0
  7218 |   23 | wept-pl |   0 | 5
  7219 |   23 | wept-pl |   0 | 0
  7220 |   23 | wept-pl |   0 | 5
  7221 |   23 | wept-pl |   0 | 0
  7224 |   23 | wept-pl |   0 | 0
  7225 |   23 | wept-pl |   0 | 1
  7228 |   23 | wept-pl |   0 | 10
  7229 |   23 | wept-pl |   0 | 2
  7231 |   23 | wept-pl |   0 | 0
  7233 |   23 | wept-pl |   0 | 5
  7234 |   23 | wept-pl |   0 | 1
  7236 |   23 | wept-pl |   0 | 0
  7238 |   23 | wept-pl |   0 | 1
  7239 |   23 | wept-pl |   0 | 0
  7240 |   23 | wept-pl |   0 | 7
  7244 |   23 | wept-pl |   0 | 0
  7245 |   23 | wept-pl |   0 | 2
  7247 |   23 | wept-pl |   0 | 0
  7248 |   23 | wept-pl |   0 | 1
  7250 |   23 | wept-pl |   0 | 5
  7251 |   23 | wept-pl |   0 | 20
  7253 |   23 | wept-pl |   0 | 0
  7254 |   23 | wept-pl |   0 | 0
  7255 |   23 | wept-pl |   0 | 10
  7259 |   23 | wept-pl |   0 | 0
  7260 |   23 | wept-pl |   0 | 1
  7261 |   23 | wept-pl |   0 | 1
  7264 |   23 | wept-pl |   0 | 2
  7265 |   23 | wept-pl |   0 | 1
  7266 |   23 | wept-pl |   0 | 20
  7269 |   23 | wept-pl |   0 | 0
  7271 |   23 | wept-pl |   0 | 0
  7272 |   23 | wept-pl |   0 | 0
  7274 |   23 | wept-pl |   0 | 20
  7275 |   23 | wept-pl |   0 | 10
  7278 |   23 | wept-pl |   0 | 0
  7279 |   23 | wept-pl |   0 | 0
  7280 |   23 | wept-pl |   0 | 5
  7281 |   23 | wept-pl |   0 | 1
  7282 |   23 | wept-pl |   0 | 1
  7283 |   23 | wept-pl |   0 | 1
  7285 |   23 | wept-pl |   0 | 5
  7286 |   23 | wept-pl |   0 | 5
  7287 |   23 | wept-pl |   0 | 0
  7288 |   23 | wept-pl |   0 | 0
  7289 |   23 | wept-pl |   0 | 0
  7290 |   23 | wept-pl |   0 | 10
  7291 |   23 | wept-pl |   0 | 5
  7292 |   23 | wept-pl |   0 | 0
  7293 |   23 | wept-pl |   0 | 2
  7295 |   23 | wept-pl |   0 | 10
  7296 |   23 | wept-pl |   0 | 0
  7298 |   23 | wept-pl |   0 | 1
  7299 |   23 | wept-pl |   0 | 2
  7300 |   23 | wept-pl |   0 | 10
  7302 |   23 | wept-pl |   0 | 5
  7303 |   23 | wept-pl |   0 | 10
  7304 |   23 | wept-pl |   0 | 0
  7305 |   23 | wept-pl |   0 | 10
  7306 |   23 | wept-pl |   0 | 0
  7308 |   23 | wept-pl |   0 | 1
  7310 |   23 | wept-pl |   0 | 0
  7311 |   23 | wept-pl |   0 | 10
  7312 |   23 | wept-pl |   0 | 0
  7314 |   23 | wept-pl |   0 | 0
  7315 |   23 | wept-pl |   0 | 10
  7316 |   23 | wept-pl |   0 | 0
  7317 |   23 | wept-pl |   0 | 0
  7319 |   23 | wept-pl |   0 | 1
  7320 |   23 | wept-pl |   0 | 10
  7321 |   23 | wept-pl |   0 | 5
  7322 |   23 | wept-pl |   0 | 0
  7323 |   23 | wept-pl |   0 | 3
  7324 |   23 | wept-pl |   0 | 8
  7326 |   23 | wept-pl |   0 | 1
  7327 |   23 | wept-pl |   0 | 0
  7328 |   23 | wept-pl |   0 | 0
  7331 |   23 | wept-pl |   0 | 1
  7332 |   23 | wept-pl |   0 | 1
  7333 |   23 | wept-pl |   0 | 10
  7334 |   23 | wept-pl |   0 | 5
  7336 |   23 | wept-pl |   0 | 10
  7337 |   23 | wept-pl |   0 | 1
  7339 |   23 | wept-pl |   0 | 1
  7341 |   23 | wept-pl |   0 | 5
  7342 |   23 | wept-pl |   0 | 0
  7344 |   23 | wept-pl |   0 | 0
  7345 |   23 | wept-pl |   0 | 0
  7346 |   23 | wept-pl |   0 | 5
  7347 |   23 | wept-pl |   0 | 15
  7348 |   23 | wept-pl |   0 | 1
  7349 |   23 | wept-pl |   0 | 10
  7350 |   23 | wept-pl |   0 | 0
  7351 |   23 | wept-pl |   0 | 10
  7352 |   23 | wept-pl |   0 | 5
  7354 |   23 | wept-pl |   0 | 10
  7355 |   23 | wept-pl |   0 | 4
  7357 |   23 | wept-pl |   0 | 1
  7361 |   23 | wept-pl |   0 | 10
  7362 |   23 | wept-pl |   0 | 5
  7363 |   23 | wept-pl |   0 | 5
  7365 |   23 | wept-pl |   0 | 0
  7366 |   23 | wept-pl |   0 | 2
  7367 |   23 | wept-pl |   0 | 10
  7368 |   23 | wept-pl |   0 | 0
  7370 |   23 | wept-pl |   0 | 4
  7371 |   23 | wept-pl |   0 | 0
  7372 |   23 | wept-pl |   0 | 0
  7373 |   23 | wept-pl |   0 | 1
  7374 |   23 | wept-pl |   0 | 0
  7375 |   23 | wept-pl |   0 | 1
  7376 |   23 | wept-pl |   0 | 0
  7378 |   23 | wept-pl |   0 | 2
  7379 |   23 | wept-pl |   0 | 10
  7380 |   23 | wept-pl |   0 | 15
  7381 |   23 | wept-pl |   0 | 0
  7382 |   23 | wept-pl |   0 | 5
  7383 |   23 | wept-pl |   0 | 0
  7384 |   23 | wept-pl |   0 | 0
  7385 |   23 | wept-pl |   0 | 1
  7386 |   23 | wept-pl |   0 | 10
  7387 |   23 | wept-pl |   0 | 0
  7388 |   23 | wept-pl |   0 | 5
  7390 |   23 | wept-pl |   0 | 5
  7391 |   23 | wept-pl |   0 | 0
  7392 |   23 | wept-pl |   0 | 0
  7393 |   23 | wept-pl |   0 | 0
  7394 |   23 | wept-pl |   0 | 1
  7395 |   23 | wept-pl |   0 | 1
  7396 |   23 | wept-pl |   0 | 0
  7397 |   23 | wept-pl |   0 | 1
  7398 |   23 | wept-pl |   0 | 5
  7399 |   23 | wept-pl |   0 | 10
  7400 |   23 | wept-pl |   0 | 0
  7401 |   23 | wept-pl |   0 | 0
  7402 |   23 | wept-pl |   0 | 0
  7403 |   23 | wept-pl |   0 | 1
  7404 |   23 | wept-pl |   0 | 0
  7405 |   23 | wept-pl |   0 | 5
  7406 |   23 | wept-pl |   0 | 2
  7407 |   23 | wept-pl |   0 | 5
  7409 |   23 | wept-pl |   0 | 2
  7410 |   23 | wept-pl |   0 | 0
  7413 |   23 | wept-pl |   0 | 5
  7414 |   23 | wept-pl |   0 | 0
  7415 |   23 | wept-pl |   0 | 10
  7416 |   23 | wept-pl |   0 | 10
  7417 |   23 | wept-pl |   0 | 0
  7418 |   23 | wept-pl |   0 | 5
  7420 |   23 | wept-pl |   0 | 0
  7421 |   23 | wept-pl |   0 | 3
  7424 |   23 | wept-pl |   0 | 10
  7425 |   23 | wept-pl |   0 | 0
  7426 |   23 | wept-pl |   0 | 7
  7427 |   23 | wept-pl |   0 | 5
  7429 |   23 | wept-pl |   0 | 0
  7430 |   23 | wept-pl |   0 | 1
  7433 |   23 | wept-pl |   0 | 0
  7434 |   23 | wept-pl |   0 | 1
  7435 |   23 | wept-pl |   0 | 1
  7436 |   23 | wept-pl |   0 | 0
  7437 |   23 | wept-pl |   0 | 20
  7438 |   23 | wept-pl |   0 | 2
  7439 |   23 | wept-pl |   0 | 0
  7440 |   23 | wept-pl |   0 | 5
  7441 |   23 | wept-pl |   0 | 0
  7442 |   23 | wept-pl |   0 | 0
  7443 |   23 | wept-pl |   0 | 10
  7444 |   23 | wept-pl |   0 | 2
  7445 |   23 | wept-pl |   0 | 10
  7446 |   23 | wept-pl |   0 | 5
  7447 |   23 | wept-pl |   0 | 0
  7448 |   23 | wept-pl |   0 | 0
  7449 |   23 | wept-pl |   0 | 2
  7450 |   23 | wept-pl |   0 | 0
  7451 |   23 | wept-pl |   0 | 7
  7452 |   23 | wept-pl |   0 | 5
  7454 |   23 | wept-pl |   0 | 0
  7455 |   23 | wept-pl |   0 | 0
  7458 |   23 | wept-pl |   0 | 2
  7459 |   23 | wept-pl |   0 | 1
  7460 |   23 | wept-pl |   0 | 3
  7461 |   23 | wept-pl |   0 | 10
  7462 |   23 | wept-pl |   0 | 10
  7464 |   23 | wept-pl |   0 | 2
  7467 |   23 | wept-pl |   0 | 10
  7468 |   23 | wept-pl |   0 | 3
  7469 |   23 | wept-pl |   0 | 1
  7470 |   23 | wept-pl |   0 | 0
  7471 |   23 | wept-pl |   0 | 0
  7472 |   23 | wept-pl |   0 | 0
  7473 |   23 | wept-pl |   0 | 2
  7474 |   23 | wept-pl |   0 | 5
  7475 |   23 | wept-pl |   0 | 1
  7479 |   23 | wept-pl |   0 | 0
  7480 |   23 | wept-pl |   0 | 0
  7481 |   23 | wept-pl |   0 | 0
  7482 |   23 | wept-pl |   0 | 20
  7486 |   23 | wept-pl |   0 | 0
  7488 |   23 | wept-pl |   0 | 0
  7490 |   23 | wept-pl |   0 | 10
  7492 |   23 | wept-pl |   0 | 0
  7493 |   23 | wept-pl |   0 | 10
  7494 |   23 | wept-pl |   0 | 10
  7496 |   23 | wept-pl |   0 | 5
  7497 |   23 | wept-pl |   0 | 10
  7498 |   23 | wept-pl |   0 | 1
  7499 |   23 | wept-pl |   0 | 2
  7501 |   23 | wept-pl |   0 | 2
  7502 |   23 | wept-pl |   0 | 10
  7503 |   23 | wept-pl |   0 | 5
  7504 |   23 | wept-pl |   0 | 20
  7506 |   23 | wept-pl |   0 | 5
  7507 |   23 | wept-pl |   0 | 20
  7509 |   23 | wept-pl |   0 | 0
  7512 |   23 | wept-pl |   0 | 15
  7513 |   23 | wept-pl |   0 | 1
  7514 |   23 | wept-pl |   0 | 0
  7515 |   23 | wept-pl |   0 | 0
  7516 |   23 | wept-pl |   0 | 0
  7519 |   23 | wept-pl |   0 | 0
  7520 |   23 | wept-pl |   0 | 10
  7521 |   23 | wept-pl |   0 | 5
  7522 |   23 | wept-pl |   0 | 0
  7523 |   23 | wept-pl |   0 | 0
  7526 |   23 | wept-pl |   0 | 0
  7531 |   23 | wept-pl |   0 | 1
  7532 |   23 | wept-pl |   0 | 1
  7533 |   23 | wept-pl |   0 | 2
  7535 |   23 | wept-pl |   0 | 0
  7539 |   23 | wept-pl |   0 | 1
  7540 |   23 | wept-pl |   0 | 1
  7541 |   23 | wept-pl |   0 | 0
  7542 |   23 | wept-pl |   0 | 0
  7545 |   23 | wept-pl |   0 | 10
  7546 |   23 | wept-pl |   0 | 0
  7547 |   23 | wept-pl |   0 | 0
  7548 |   23 | wept-pl |   0 | 0
  7549 |   23 | wept-pl |   0 | 1
  7550 |   23 | wept-pl |   0 | 1
  7552 |   23 | wept-pl |   0 | 1
  7553 |   23 | wept-pl |   0 | 10
  7554 |   23 | wept-pl |   0 | 5
  7556 |   23 | wept-pl |   0 | 0
  7559 |   23 | wept-pl |   0 | 10
  7560 |   23 | wept-pl |   0 | 1
  7563 |   23 | wept-pl |   0 | 18
  7567 |   23 | wept-pl |   0 | 5
  7571 |   23 | wept-pl |   0 | 10
  7573 |   23 | wept-pl |   0 | 5
  7575 |   23 | wept-pl |   0 | 0
  7576 |   23 | wept-pl |   0 | 20
  7579 |   23 | wept-pl |   0 | 10
  7580 |   23 | wept-pl |   0 | 20
  7582 |   23 | wept-pl |   0 | 0
  7583 |   23 | wept-pl |   0 | 0
  7584 |   23 | wept-pl |   0 | 5
  7586 |   23 | wept-pl |   0 | 0
  7587 |   23 | wept-pl |   0 | 2
  7588 |   23 | wept-pl |   0 | 5
  7594 |   23 | wept-pl |   0 | 10
  7595 |   23 | wept-pl |   0 | 10
  7596 |   23 | wept-pl |   0 | 5
  7597 |   23 | wept-pl |   0 | 10
  7598 |   23 | wept-pl |   0 | 0
  7600 |   23 | wept-pl |   0 | 2
  7602 |   23 | wept-pl |   0 | 0
  7604 |   23 | wept-pl |   0 | 10
  7605 |   23 | wept-pl |   0 | 5
  7606 |   23 | wept-pl |   0 | 2
  7607 |   23 | wept-pl |   0 | 10
  7608 |   23 | wept-pl |   0 | 0
  7609 |   23 | wept-pl |   0 | 20
  7610 |   23 | wept-pl |   0 | 0
  7611 |   23 | wept-pl |   0 | 0
  7612 |   23 | wept-pl |   0 | 1
  7613 |   23 | wept-pl |   0 | 0
  7614 |   23 | wept-pl |   0 | 5
  7616 |   23 | wept-pl |   0 | 20
  7617 |   23 | wept-pl |   0 | 1
  7623 |   23 | wept-pl |   0 | 10
  7624 |   23 | wept-pl |   0 | 0
  7625 |   23 | wept-pl |   0 | 20
  7627 |   23 | wept-pl |   0 | 5
  7631 |   23 | wept-pl |   0 | 4
  7638 |   23 | wept-pl |   0 | 10
  7639 |   23 | wept-pl |   0 | 0
  7640 |   23 | wept-pl |   0 | 5
  7643 |   23 | wept-pl |   0 | 5
  7647 |   23 | wept-pl |   0 | 20
  7651 |   23 | wept-pl |   0 | 1
  7654 |   23 | wept-pl |   0 | 20
  7655 |   23 | wept-pl |   0 | 2
  7659 |   23 | wept-pl |   0 | 0
  7660 |   23 | wept-pl |   0 | 10
  7666 |   23 | wept-pl |   0 | 0
  7670 |   23 | wept-pl |   0 | 1
  7671 |   23 | wept-pl |   0 | 1
  7674 |   23 | wept-pl |   0 | 0
  7678 |   23 | wept-pl |   0 | 1
  7679 |   23 | wept-pl |   0 | 20
  7680 |   23 | wept-pl |   0 | 0
  7682 |   23 | wept-pl |   0 | 0
  7687 |   23 | wept-pl |   0 | 0
  7688 |   23 | wept-pl |   0 | 10
  7695 |   23 | wept-pl |   0 | 10
  7700 |   23 | wept-pl |   0 | 5
  7701 |   23 | wept-pl |   0 | 10
  7702 |   23 | wept-pl |   0 | 0
  7703 |   23 | wept-pl |   0 | 0
  7715 |   23 | wept-pl |   0 | 1
  7717 |   23 | wept-pl |   0 | 15
  7718 |   23 | wept-pl |   0 | 10
  7726 |   23 | wept-pl |   0 | 5
  7727 |   23 | wept-pl |   0 | 0
  7733 |   23 | wept-pl |   0 | 0
  7740 |   23 | wept-pl |   0 | 20
  7741 |   23 | wept-pl |   0 | 0
  7744 |   23 | wept-pl |   0 | 10
  7755 |   23 | wept-pl |   0 | 0
  7764 |   23 | wept-pl |   0 | 2
  7765 |   23 | wept-pl |   0 | 0
  7768 |   23 | wept-pl |   0 | 0
  7772 |   23 | wept-pl |   0 | 0
  7782 |   23 | wept-pl |   0 | 5
  7787 |   23 | wept-pl |   0 | 5
  7788 |   23 | wept-pl |   0 | 10
  7791 |   23 | wept-pl |   0 | 1
  7795 |   23 | wept-pl |   0 | 5
  7798 |   23 | wept-pl |   0 | 3
  7810 |   23 | wept-pl |   0 | 2
  7813 |   23 | wept-pl |   0 | 0
  7816 |   23 | wept-pl |   0 | 0
  7819 |   23 | wept-pl |   0 | 1
  7824 |   23 | wept-pl |   0 | 4
  7842 |   23 | wept-pl |   0 | 3
  7849 |   23 | wept-pl |   0 | 0
  7850 |   23 | wept-pl |   0 | 10
  7851 |   23 | wept-pl |   0 | 5
  7860 |   23 | wept-pl |   0 | 2
  7861 |   23 | wept-pl |   0 | 0
  7877 |   23 | wept-pl |   0 | 0
  7880 |   23 | wept-pl |   0 | 5
  7891 |   23 | wept-pl |   0 | 10
  7893 |   23 | wept-pl |   0 | 2
  7897 |   23 | wept-pl |   0 | 5
  7903 |   23 | wept-pl |   0 | 10
  7908 |   23 | wept-pl |   0 | 20
  7910 |   23 | wept-pl |   0 | 1
  7914 |   23 | wept-pl |   0 | 1
  7918 |   23 | wept-pl |   0 | 1
  7919 |   23 | wept-pl |   0 | 0
  7922 |   23 | wept-pl |   0 | 10
  7924 |   23 | wept-pl |   0 | 20
  7926 |   23 | wept-pl |   0 | 0
  7931 |   23 | wept-pl |   0 | 5
  7933 |   23 | wept-pl |   0 | 0
  7936 |   23 | wept-pl |   0 | 1
  7939 |   23 | wept-pl |   0 | 0
  7944 |   23 | wept-pl |   0 | 0
  7946 |   23 | wept-pl |   0 | 10
  7950 |   23 | wept-pl |   0 | 0
  7952 |   23 | wept-pl |   0 | 10
  7953 |   23 | wept-pl |   0 | 5
  7954 |   23 | wept-pl |   0 | 10
  7958 |   23 | wept-pl |   0 | 10
  7960 |   23 | wept-pl |   0 | 10
  7964 |   23 | wept-pl |   0 | 10
  7966 |   23 | wept-pl |   0 | 2
  7967 |   23 | wept-pl |   0 | 1
  7969 |   23 | wept-pl |   0 | 1
  7974 |   23 | wept-pl |   0 | 1
  7987 |   23 | wept-pl |   0 | 1
  7997 |   23 | wept-pl |   0 | 0
  8000 |   23 | wept-pl |   0 | 5
  8001 |   23 | wept-pl |   0 | 0
  8002 |   23 | wept-pl |   0 | 0
  8007 |   23 | wept-pl |   0 | 0
  8009 |   23 | wept-pl |   0 | 10
  8011 |   23 | wept-pl |   0 | 10
  8012 |   23 | wept-pl |   0 | 5
  8014 |   23 | wept-pl |   0 | 1
  8016 |   23 | wept-pl |   0 | 8
  8027 |   23 | wept-pl |   0 | 10
  8028 |   23 | wept-pl |   0 | 0
  8029 |   23 | wept-pl |   0 | 0
  8030 |   23 | wept-pl |   0 | 5
  8033 |   23 | wept-pl |   0 | 2
  8034 |   23 | wept-pl |   0 | 5
  8035 |   23 | wept-pl |   0 | 10
  8038 |   23 | wept-pl |   0 | 3
  8039 |   23 | wept-pl |   0 | 10
  8040 |   23 | wept-pl |   0 | 10
  8044 |   23 | wept-pl |   0 | 0
  8047 |   23 | wept-pl |   0 | 0
  8048 |   23 | wept-pl |   0 | 5
  8051 |   23 | wept-pl |   0 | 15
  8053 |   23 | wept-pl |   0 | 1
  8056 |   23 | wept-pl |   0 | 0
  8057 |   23 | wept-pl |   0 | 1
  8059 |   23 | wept-pl |   0 | 5
  8062 |   23 | wept-pl |   0 | 1
  8064 |   23 | wept-pl |   0 | 20
  8068 |   23 | wept-pl |   0 | 1
  8070 |   23 | wept-pl |   0 | 5
  8072 |   23 | wept-pl |   0 | 1
  8074 |   23 | wept-pl |   0 | 0
  8075 |   23 | wept-pl |   0 | 20
  8077 |   23 | wept-pl |   0 | 0
  8079 |   23 | wept-pl |   0 | 0
  8083 |   23 | wept-pl |   0 | 18
  8084 |   23 | wept-pl |   0 | 0
  8086 |   23 | wept-pl |   0 | 0
  8089 |   23 | wept-pl |   0 | 0
  8094 |   23 | wept-pl |   0 | 0
  8097 |   23 | wept-pl |   0 | 5
  8106 |   23 | wept-pl |   0 | 5
  8114 |   23 | wept-pl |   0 | 2
  8118 |   23 | wept-pl |   0 | 20
  8147 |   23 | wept-pl |   0 | 20
  8162 |   23 | wept-pl |   0 | 10
  8164 |   23 | wept-pl |   0 | 1
  8181 |   23 | wept-pl |   0 | 5
  8182 |   23 | wept-pl |   0 | 3
  8197 |   23 | wept-pl |   0 | 0
  8199 |   23 | wept-pl |   0 | 0
  8227 |   23 | wept-pl |   0 | 1
  8228 |   23 | wept-pl |   0 | 0
  8230 |   23 | wept-pl |   0 | 20
  8233 |   23 | wept-pl |   0 | 10
  8234 |   23 | wept-pl |   0 | 0
  8235 |   23 | wept-pl |   0 | 4
  8239 |   23 | wept-pl |   0 | 5
  8240 |   23 | wept-pl |   0 | 20
  8242 |   23 | wept-pl |   0 | 2
  8249 |   23 | wept-pl |   0 | 20
  8250 |   23 | wept-pl |   0 | 0
  8265 |   23 | wept-pl |   0 | 1
  8286 |   23 | wept-pl |   0 | 5
  8290 |   23 | wept-pl |   0 | 0
  8314 |   23 | wept-pl |   0 | 10
  8316 |   23 | wept-pl |   0 | 1
  8340 |   23 | wept-pl |   0 | 10
  8343 |   23 | wept-pl |   0 | 20
  8355 |   23 | wept-pl |   0 | 10
  8371 |   23 | wept-pl |   0 | 0
  8386 |   23 | wept-pl |   0 | 0
  8387 |   23 | wept-pl |   0 | 20
  8390 |   23 | wept-pl |   0 | 0
  8391 |   23 | wept-pl |   0 | 0
  8402 |   23 | wept-pl |   0 | 0
  8415 |   23 | wept-pl |   0 | 20
  8428 |   23 | wept-pl |   0 | 0
  8433 |   23 | wept-pl |   0 | 0
  8461 |   23 | wept-pl |   0 | 10
  8463 |   23 | wept-pl |   0 | 10
  8466 |   23 | wept-pl |   0 | 1
  8467 |   23 | wept-pl |   0 | 5
  8487 |   23 | wept-pl |   0 | 5
  8497 |   23 | wept-pl |   0 | 2
  8502 |   23 | wept-pl |   0 | 10
  8509 |   23 | wept-pl |   0 | 5
  8511 |   23 | wept-pl |   0 | 6
  8515 |   23 | wept-pl |   0 | 10
  8526 |   23 | wept-pl |   0 | 10
  8537 |   23 | wept-pl |   0 | 10
  8544 |   23 | wept-pl |   0 | 1
  8548 |   23 | wept-pl |   0 | 4
  8553 |   23 | wept-pl |   0 | 1
  8555 |   23 | wept-pl |   0 | 1
  8581 |   23 | wept-pl |   0 | 1
  8585 |   23 | wept-pl |   0 | 10
  8591 |   23 | wept-pl |   0 | 1
  8598 |   23 | wept-pl |   0 | 0
  8601 |   23 | wept-pl |   0 | 0
  8615 |   23 | wept-pl |   0 | 0
  8631 |   23 | wept-pl |   0 | 0
  8642 |   23 | wept-pl |   0 | 20
  8649 |   23 | wept-pl |   0 | 3
  8650 |   23 | wept-pl |   0 | 10
  8655 |   23 | wept-pl |   0 | 1
  8676 |   23 | wept-pl |   0 | 0
  8686 |   23 | wept-pl |   0 | 0
  8691 |   23 | wept-pl |   0 | 10
  8704 |   23 | wept-pl |   0 | 8
  8706 |   23 | wept-pl |   0 | 1
  8722 |   23 | wept-pl |   0 | 0
  8741 |   23 | wept-pl |   0 | 2
  8759 |   23 | wept-pl |   0 | 10
  8762 |   23 | wept-pl |   0 | 5
  8764 |   23 | wept-pl |   0 | 0
  8765 |   23 | wept-pl |   0 | 0
  8773 |   23 | wept-pl |   0 | 5
  8783 |   23 | wept-pl |   0 | 0
  8792 |   23 | wept-pl |   0 | 0
  8798 |   23 | wept-pl |   0 | 0
  8805 |   23 | wept-pl |   0 | 0
  8808 |   23 | wept-pl |   0 | 5
  8819 |   23 | wept-pl |   0 | 0
  8853 |   23 | wept-pl |   0 | 5
  8861 |   23 | wept-pl |   0 | 0
  8884 |   23 | wept-pl |   0 | 0
  8891 |   23 | wept-pl |   0 | 0
  8906 |   23 | wept-pl |   0 | 5
  8908 |   23 | wept-pl |   0 | 0
  8912 |   23 | wept-pl |   0 | 2
  8916 |   23 | wept-pl |   0 | 0
  8928 |   23 | wept-pl |   0 | 0
  8939 |   23 | wept-pl |   0 | 1
  8952 |   23 | wept-pl |   0 | 0
  8961 |   23 | wept-pl |   0 | 0
  8969 |   23 | wept-pl |   0 | 20
  8977 |   23 | wept-pl |   0 | 1
  8980 |   23 | wept-pl |   0 | 5
  8987 |   23 | wept-pl |   0 | 0
  9004 |   23 | wept-pl |   0 | 0
  9013 |   23 | wept-pl |   0 | 0
  9016 |   23 | wept-pl |   0 | 0
  9025 |   23 | wept-pl |   0 | 0
  9044 |   23 | wept-pl |   0 | 0
  9049 |   23 | wept-pl |   0 | 0
  9067 |   23 | wept-pl |   0 | 4
  9072 |   23 | wept-pl |   0 | 5
  9078 |   23 | wept-pl |   0 | 0
  9082 |   23 | wept-pl |   0 | 1
  9088 |   23 | wept-pl |   0 | 0
  9095 |   23 | wept-pl |   0 | 0
  9098 |   23 | wept-pl |   0 | 0
  9111 |   23 | wept-pl |   0 | 5
  9126 |   23 | wept-pl |   0 | 1
  9128 |   23 | wept-pl |   0 | 0
  9131 |   23 | wept-pl |   0 | 2
  9139 |   23 | wept-pl |   0 | 10
  9154 |   23 | wept-pl |   0 | 0
  9165 |   23 | wept-pl |   0 | 1
  9185 |   23 | wept-pl |   0 | 2
  9195 |   23 | wept-pl |   0 | 5
  9201 |   23 | wept-pl |   0 | 0
  9204 |   23 | wept-pl |   0 | 0
  9205 |   23 | wept-pl |   0 | 5
  9221 |   23 | wept-pl |   0 | 1
  9238 |   23 | wept-pl |   0 | 10
  9242 |   23 | wept-pl |   0 | 5
  9243 |   23 | wept-pl |   0 | 0
  9247 |   23 | wept-pl |   0 | 0
  9251 |   23 | wept-pl |   0 | 2
  9278 |   23 | wept-pl |   0 | 1
  9279 |   23 | wept-pl |   0 | 0
  9282 |   23 | wept-pl |   0 | 0
  9284 |   23 | wept-pl |   0 | 10
  9292 |   23 | wept-pl |   0 | 1
  9295 |   23 | wept-pl |   0 | 1
  9306 |   23 | wept-pl |   0 | 0
  9319 |   23 | wept-pl |   0 | 0
  9325 |   23 | wept-pl |   0 | 1
  9327 |   23 | wept-pl |   0 | 1
  9335 |   23 | wept-pl |   0 | 2
  9336 |   23 | wept-pl |   0 | 0
  9356 |   23 | wept-pl |   0 | 0
  9359 |   23 | wept-pl |   0 | 2
  9362 |   23 | wept-pl |   0 | 1
  9363 |   23 | wept-pl |   0 | 1
  9364 |   23 | wept-pl |   0 | 1
  9365 |   23 | wept-pl |   0 | 0
  9369 |   23 | wept-pl |   0 | 0
  9375 |   23 | wept-pl |   0 | 2
  9385 |   23 | wept-pl |   0 | 0
  9398 |   23 | wept-pl |   0 | 2
  9406 |   23 | wept-pl |   0 | 0
  9407 |   23 | wept-pl |   0 | 0
  9412 |   23 | wept-pl |   0 | 0
  9419 |   23 | wept-pl |   0 | 0
  9429 |   23 | wept-pl |   0 | 0
  9431 |   23 | wept-pl |   0 | 0
  9432 |   23 | wept-pl |   0 | 0
  9439 |   23 | wept-pl |   0 | 1
  9441 |   23 | wept-pl |   0 | 10
  9448 |   23 | wept-pl |   0 | 5
  9449 |   23 | wept-pl |   0 | 0
  9451 |   23 | wept-pl |   0 | 2
  9455 |   23 | wept-pl |   0 | 0
  9464 |   23 | wept-pl |   0 | 1
  9478 |   23 | wept-pl |   0 | 1
  9489 |   23 | wept-pl |   0 | 1
  9490 |   23 | wept-pl |   0 | 0
  9515 |   23 | wept-pl |   0 | 5
  9518 |   23 | wept-pl |   0 | 1
  9526 |   23 | wept-pl |   0 | 20
  9536 |   23 | wept-pl |   0 | 5
  9539 |   23 | wept-pl |   0 | 1
  9545 |   23 | wept-pl |   0 | 5
  9549 |   23 | wept-pl |   0 | 0
  9569 |   23 | wept-pl |   0 | 0
  9585 |   23 | wept-pl |   0 | 0
  9602 |   23 | wept-pl |   0 | 10
  9603 |   23 | wept-pl |   0 | 2
  9619 |   23 | wept-pl |   0 | 2
  9638 |   23 | wept-pl |   0 | 0
  9640 |   23 | wept-pl |   0 | 4
  9671 |   23 | wept-pl |   0 | 5
  9675 |   23 | wept-pl |   0 | 8
  9680 |   23 | wept-pl |   0 | 1
  9687 |   23 | wept-pl |   0 | 1
  9689 |   23 | wept-pl |   0 | 1
  9690 |   23 | wept-pl |   0 | 10
  9713 |   23 | wept-pl |   0 | 2
  9720 |   23 | wept-pl |   0 | 0
  9724 |   23 | wept-pl |   0 | 1
  9733 |   23 | wept-pl |   0 | 0
  9742 |   23 | wept-pl |   0 | 5
  9747 |   23 | wept-pl |   0 | 0
  9751 |   23 | wept-pl |   0 | 0
  9753 |   23 | wept-pl |   0 | 1
  9754 |   23 | wept-pl |   0 | 3
  9762 |   23 | wept-pl |   0 | 1
  9765 |   23 | wept-pl |   0 | 10
  9782 |   23 | wept-pl |   0 | 0
  9792 |   23 | wept-pl |   0 | 0
  9796 |   23 | wept-pl |   0 | 2
  9800 |   23 | wept-pl |   0 | 0
  9802 |   23 | wept-pl |   0 | 1
  9804 |   23 | wept-pl |   0 | 1
  9819 |   23 | wept-pl |   0 | 10
  9820 |   23 | wept-pl |   0 | 5
  9821 |   23 | wept-pl |   0 | 5
  9822 |   23 | wept-pl |   0 | 0
  9824 |   23 | wept-pl |   0 | 3
  9825 |   23 | wept-pl |   0 | 5
  9826 |   23 | wept-pl |   0 | 1
  9827 |   23 | wept-pl |   0 | 0
  9828 |   23 | wept-pl |   0 | 5
  9830 |   23 | wept-pl |   0 | 1
  9832 |   23 | wept-pl |   0 | 0
  9833 |   23 | wept-pl |   0 | 1
  9834 |   23 | wept-pl |   0 | 0
  9835 |   23 | wept-pl |   0 | 5
  9836 |   23 | wept-pl |   0 | 20
  9837 |   23 | wept-pl |   0 | 0
  9838 |   23 | wept-pl |   0 | 1
  9840 |   23 | wept-pl |   0 | 0
  9841 |   23 | wept-pl |   0 | 0
  9842 |   23 | wept-pl |   0 | 5
  9843 |   23 | wept-pl |   0 | 1
  9844 |   23 | wept-pl |   0 | 4
  9845 |   23 | wept-pl |   0 | 0
  9846 |   23 | wept-pl |   0 | 5
  9847 |   23 | wept-pl |   0 | 0
  9848 |   23 | wept-pl |   0 | 1
  9849 |   23 | wept-pl |   0 | 1
  9850 |   23 | wept-pl |   0 | 0
  9851 |   23 | wept-pl |   0 | 2
  9852 |   23 | wept-pl |   0 | 1
  9853 |   23 | wept-pl |   0 | 0
  9854 |   23 | wept-pl |   0 | 2
  9855 |   23 | wept-pl |   0 | 0
  9856 |   23 | wept-pl |   0 | 2
  9857 |   23 | wept-pl |   0 | 0
  9859 |   23 | wept-pl |   0 | 10
  9860 |   23 | wept-pl |   0 | 10
  9862 |   23 | wept-pl |   0 | 5
  9863 |   23 | wept-pl |   0 | 0
  9864 |   23 | wept-pl |   0 | 0
  9865 |   23 | wept-pl |   0 | 0
  9868 |   23 | wept-pl |   0 | 2
  9870 |   23 | wept-pl |   0 | 1
  9872 |   23 | wept-pl |   0 | 0
  9875 |   23 | wept-pl |   0 | 0
  9876 |   23 | wept-pl |   0 | 10
  9877 |   23 | wept-pl |   0 | 5
  9878 |   23 | wept-pl |   0 | 5
  9879 |   23 | wept-pl |   0 | 0
  9880 |   23 | wept-pl |   0 | 0
  9881 |   23 | wept-pl |   0 | 0
  9882 |   23 | wept-pl |   0 | 0
  9883 |   23 | wept-pl |   0 | 0
  9884 |   23 | wept-pl |   0 | 0
  9885 |   23 | wept-pl |   0 | 4
  9892 |   23 | wept-pl |   0 | 1
  9893 |   23 | wept-pl |   0 | 2
  9894 |   23 | wept-pl |   0 | 0
  9895 |   23 | wept-pl |   0 | 10
  9897 |   23 | wept-pl |   0 | 0
  9898 |   23 | wept-pl |   0 | 0
  9899 |   23 | wept-pl |   0 | 5
  9900 |   23 | wept-pl |   0 | 0
  9901 |   23 | wept-pl |   0 | 0
  9902 |   23 | wept-pl |   0 | 1
  9903 |   23 | wept-pl |   0 | 3
  9904 |   23 | wept-pl |   0 | 0
  9905 |   23 | wept-pl |   0 | 1
  9906 |   23 | wept-pl |   0 | 2
  9907 |   23 | wept-pl |   0 | 10
  9908 |   23 | wept-pl |   0 | 5
  9909 |   23 | wept-pl |   0 | 0
  9910 |   23 | wept-pl |   0 | 10
  9912 |   23 | wept-pl |   0 | 0
  9914 |   23 | wept-pl |   0 | 3
  9915 |   23 | wept-pl |   0 | 1
  9916 |   23 | wept-pl |   0 | 2
  9917 |   23 | wept-pl |   0 | 10
  9919 |   23 | wept-pl |   0 | 0
  9920 |   23 | wept-pl |   0 | 0
  9922 |   23 | wept-pl |   0 | 1
  9923 |   23 | wept-pl |   0 | 0
  9924 |   23 | wept-pl |   0 | 3
  9926 |   23 | wept-pl |   0 | 20
  9928 |   23 | wept-pl |   0 | 0
  9932 |   23 | wept-pl |   0 | 1
  9934 |   23 | wept-pl |   0 | 5
  9935 |   23 | wept-pl |   0 | 20
  9936 |   23 | wept-pl |   0 | 0
  9937 |   23 | wept-pl |   0 | 5
  9938 |   23 | wept-pl |   0 | 10
  9939 |   23 | wept-pl |   0 | 2
  9941 |   23 | wept-pl |   0 | 1
  9943 |   23 | wept-pl |   0 | 3
  9944 |   23 | wept-pl |   0 | 10
  9947 |   23 | wept-pl |   0 | 0
  9949 |   23 | wept-pl |   0 | 0
  9950 |   23 | wept-pl |   0 | 0
  9952 |   23 | wept-pl |   0 | 0
  9954 |   23 | wept-pl |   0 | 0
  9955 |   23 | wept-pl |   0 | 0
  9956 |   23 | wept-pl |   0 | 0
  9957 |   23 | wept-pl |   0 | 0
  9959 |   23 | wept-pl |   0 | 3
  9960 |   23 | wept-pl |   0 | 0
  9961 |   23 | wept-pl |   0 | 0
  9962 |   23 | wept-pl |   0 | 2
  9964 |   23 | wept-pl |   0 | 1
  9965 |   23 | wept-pl |   0 | 20
  9966 |   23 | wept-pl |   0 | 1
  9967 |   23 | wept-pl |   0 | 1
  9968 |   23 | wept-pl |   0 | 2
  9969 |   23 | wept-pl |   0 | 20
  9970 |   23 | wept-pl |   0 | 0
  9971 |   23 | wept-pl |   0 | 0
  9972 |   23 | wept-pl |   0 | 0
  9976 |   23 | wept-pl |   0 | 8
  9978 |   23 | wept-pl |   0 | 2
  9984 |   23 | wept-pl |   0 | 5
  9988 |   23 | wept-pl |   0 | 1
  9989 |   23 | wept-pl |   0 | 0
  9994 |   23 | wept-pl |   0 | 4
  9995 |   23 | wept-pl |   0 | 0
 10000 |   23 | wept-pl |   0 | 2
 10003 |   23 | wept-pl |   0 | 1
 10005 |   23 | wept-pl |   0 | 0
 10010 |   23 | wept-pl |   0 | 10
 10021 |   23 | wept-pl |   0 | 0
 10023 |   23 | wept-pl |   0 | 0
 10024 |   23 | wept-pl |   0 | 0
 10026 |   23 | wept-pl |   0 | 1
 10028 |   23 | wept-pl |   0 | 10
 10031 |   23 | wept-pl |   0 | 1
 10033 |   23 | wept-pl |   0 | 0
 10034 |   23 | wept-pl |   0 | 5
 10035 |   23 | wept-pl |   0 | 2
 10036 |   23 | wept-pl |   0 | 10
 10038 |   23 | wept-pl |   0 | 0
 10040 |   23 | wept-pl |   0 | 0
 10041 |   23 | wept-pl |   0 | 2
 10042 |   23 | wept-pl |   0 | 3
 10044 |   23 | wept-pl |   0 | 5
 10047 |   23 | wept-pl |   0 | 1

